date,1/22/2020,1/23/2020,1/24/2020,1/25/2020,1/26/2020,1/27/2020,1/28/2020,1/29/2020,1/30/2020,1/31/2020,2/1/2020,2/2/2020,2/3/2020,2/4/2020,2/5/2020,2/6/2020,2/7/2020,2/8/2020,2/9/2020,2/10/2020,2/11/2020,2/12/2020,2/13/2020,2/14/2020,2/15/2020,2/16/2020,2/17/2020,2/18/2020,2/19/2020,2/20/2020,2/21/2020,2/22/2020,2/23/2020,2/24/2020,2/25/2020,2/26/2020,2/27/2020,2/28/2020,2/29/2020,3/1/2020,3/2/2020,3/3/2020,3/4/2020,3/5/2020,3/6/2020,3/7/2020,3/8/2020,3/9/2020,3/10/2020,3/11/2020,3/12/2020,3/13/2020,3/14/2020,3/15/2020,3/16/2020,3/17/2020,3/18/2020,3/19/2020,3/20/2020,3/21/2020,3/22/2020,3/23/2020,3/24/2020,3/25/2020,3/26/2020,3/27/2020,3/28/2020,3/29/2020,3/30/2020,3/31/2020,4/1/2020,4/2/2020,4/3/2020,4/4/2020,4/5/2020,4/6/2020,4/7/2020,4/8/2020,4/9/2020,4/10/2020,4/11/2020,4/12/2020,4/13/2020,4/14/2020,4/15/2020,4/16/2020,4/17/2020,4/18/2020,4/19/2020,4/20/2020,4/21/2020,4/22/2020,4/23/2020,4/24/2020,4/25/2020,4/26/2020,4/27/2020,4/28/2020,4/29/2020,4/30/2020,5/1/2020,5/2/2020,5/3/2020,5/4/2020,5/5/2020,5/6/2020,5/7/2020,5/8/2020,5/9/2020,5/10/2020,5/11/2020,5/12/2020,5/13/2020,5/14/2020,5/15/2020,5/16/2020,5/17/2020,5/18/2020,5/19/2020,5/20/2020,5/21/2020,5/22/2020,5/23/2020,5/24/2020,5/25/2020,5/26/2020,5/27/2020,5/28/2020,5/29/2020,5/30/2020,5/31/2020,6/1/2020,6/2/2020,6/3/2020,6/4/2020,6/5/2020,6/6/2020,6/7/2020,6/8/2020,6/9/2020,6/10/2020,6/11/2020,6/12/2020,6/13/2020,6/14/2020,6/15/2020,6/16/2020,6/17/2020,6/18/2020,6/19/2020,6/20/2020,6/21/2020,6/22/2020,6/23/2020,6/24/2020,6/25/2020,6/26/2020,6/27/2020,6/28/2020,6/29/2020,6/30/2020,7/1/2020,7/2/2020,7/3/2020,7/4/2020,7/5/2020,7/6/2020,7/7/2020,7/8/2020,7/9/2020,7/10/2020,7/11/2020,7/12/2020,7/13/2020,7/14/2020,7/15/2020,7/16/2020,7/17/2020,7/18/2020,7/19/2020,7/20/2020,7/21/2020,7/22/2020,7/23/2020,7/24/2020,7/25/2020,7/26/2020,7/27/2020,7/28/2020,7/29/2020,7/30/2020,7/31/2020,8/1/2020,8/2/2020,8/3/2020,8/4/2020,8/5/2020,8/6/2020,8/7/2020,8/8/2020,8/9/2020,8/10/2020,8/11/2020,8/12/2020,8/13/2020,8/14/2020,8/15/2020,8/16/2020,8/17/2020,8/18/2020,8/19/2020,8/20/2020,8/21/2020,8/22/2020,8/23/2020,8/24/2020,8/25/2020,8/26/2020,8/27/2020,8/28/2020,8/29/2020,8/30/2020,8/31/2020,9/1/2020,9/2/2020,9/3/2020,9/4/2020,9/5/2020,9/6/2020,9/7/2020,9/8/2020,9/9/2020,9/10/2020,9/11/2020,9/12/2020,9/13/2020,9/14/2020,9/15/2020,9/16/2020,9/17/2020,9/18/2020,9/19/2020,9/20/2020,9/21/2020,9/22/2020,9/23/2020,9/24/2020,9/25/2020,9/26/2020,9/27/2020,9/28/2020,9/29/2020,9/30/2020,10/1/2020,10/2/2020,10/3/2020,10/4/2020,10/5/2020,10/6/2020,10/7/2020,10/8/2020,10/9/2020,10/10/2020,10/11/2020,10/12/2020,10/13/2020,10/14/2020,10/15/2020,10/16/2020,10/17/2020,10/18/2020,10/19/2020,10/20/2020,10/21/2020,10/22/2020,10/23/2020,10/24/2020,10/25/2020,10/26/2020,10/27/2020,10/28/2020,10/29/2020,10/30/2020,10/31/2020,11/1/2020,11/2/2020,11/3/2020,11/4/2020,11/5/2020,11/6/2020,11/7/2020,11/8/2020,11/9/2020,11/10/2020,11/11/2020,11/12/2020,11/13/2020,11/14/2020,11/15/2020,11/16/2020,11/17/2020,11/18/2020,11/19/2020,11/20/2020,11/21/2020,11/22/2020,11/23/2020,11/24/2020,11/25/2020,11/26/2020
0,0,0,0,0,0,0,0,0,0,0,0,0,0,0,0,0,0,0,0,0,0,0,0,0,0,0,0,0,0,0,0,0,0,0,0,0,0,0,0,0,0,0,0,0,0,0,0,0,0,0,0,0,0,49.44,13.28,5.85,4.04,4.02,3.63,3.1,2.32,2.23,2.2,2.99,3.14,2.74,2.27,2.06,1.9,1.62,1.34,1.26,1.44,1.36,1.4,1.37,1.44,1.55,1.6,1.35,1.37,1.36,1.31,1.2,1.13,0.98,0.97,0.9,0.85,1.04,1.11,1.02,1.06,0.94,0.97,1.09,0.79,0.9,0.92,0.91,0.93,1.04,0.95,1.25,1.2,1.06,1.25,1.47,1.35,1.23,1.08,0.99,1.1,1.02,0.96,0.99,0.88,1.16,1.03,1.33,1.26,1.19,1.18,1.28,1.11,1.27,1.06,1.06,1.15,1.09,1.14,1.01,0.93,0.81,0.76,0.69,0.85,0.84,1.16,1.03,1.21,1.42,1.54,1.74,1.7,1.36,1.28,1.16,1.12,1.07,0.83,0.74,0.78,0.94,1.07,1.13,1.15,1.2,1.33,1.34,1.28,1.22,1.16,1.24,1.21,1.27,1.1,1.06,1.08,1.2,1.12,1.13,1.06,1.28,1.33,1.33,1.23,1.23,1.24,1.19,1.14,1.08,1.03,1.05,1.02,1.01,0.96,0.96,0.95,0.94,0.93,0.95,0.92,1.01,0.96,0.95,0.94,0.92,0.93,0.97,0.89,0.94,0.93,0.93,0.85,0.76,0.73,0.76,0.67,0.78,0.85,0.92,1,0.96,1.05,1.07,0.95,1.07,1.18,1.15,1.22,1.16,1.13,1.22,1.02,0.91,0.91,0.89,0.81,0.89,0.73,0.78,0.84,0.88,0.84,0.96,0.89,1.01,1.04,0.97,0.96,1.02,0.98,0.99,1.01,0.96,1.02,1.24,1.15,1.1,1.05,1,1.08,1.06,0.84,0.95,0.98,0.97,1,0.98,0.91,1,0.92,0.93,0.97,1.04,1.01,1.11,1.05,1.07,1.08,1.08,1.05,1.09,1.1,1.44,1.52,1.41,1.3,1.22,1.17,1.13,0.87,0.81,0.89,0.91,0.93,1,1,1.03,1.02,0.97,1,1.07,1.08,1.13,1.24,1.25,1.26,1.22,1.15,1.16,1.15,1.08,1.06,1.03,1.03,1.1,1.08,1.07
1,0,0,0,0,0,0,0,0,0,0,0,0,0,0,0,0,0,0,0,0,0,0,0,0,0,0,0,0,0,0,0,0,0,0,0,0,0,0,0,0,0,0,0,0,0,0,0,0,0,0,0,0,0,0,0,0,0,0,3.83,2.99,3.43,4.12,3.08,2.98,2.47,2.33,2.23,1.89,1.43,1.4,1.19,1.04,0.94,0.91,0.94,0.96,1.08,1.12,1.17,1.15,1.08,1.07,1.04,0.87,0.81,0.82,0.82,0.77,0.67,0.66,0.72,0.74,0.69,0.6,0.55,0.54,0.65,0.66,0.65,0.64,0.96,1.06,1.1,1.01,0.81,0.71,0.83,0.61,0.65,0.61,0.65,0.78,0.78,0.96,0.86,1.1,1.36,1.39,1.16,1.31,1.01,1.04,1.03,0.78,0.67,0.86,0.76,1.76,1.91,1.69,2.9,2.61,2.61,2.49,1.84,1.63,1.55,1.14,1.22,1.06,1.05,1.14,1.17,1.32,1.25,1.02,1.02,1.01,0.96,0.96,0.88,0.95,0.99,1.05,0.99,1.11,1.15,1.11,1.24,1.34,1.44,1.54,1.52,1.55,1.59,1.42,1.33,1.15,1.11,1.12,1.11,1.14,1.38,1.44,1.41,1.34,1.29,1.18,1.13,1.05,1.07,1.19,1.26,1.2,1.19,1.2,1.38,1.35,1.29,1.17,1.15,1.2,1.25,1.13,1.04,0.94,0.92,0.87,0.8,0.72,0.69,0.74,0.77,0.83,0.96,1.11,1.11,1.11,1.05,1.07,1.07,1.05,0.96,0.97,0.9,0.95,0.91,0.89,0.91,1.03,1.04,0.99,0.93,0.94,0.98,1.03,1.04,1.04,1.12,1.09,1.07,1.05,1.08,1.01,1.02,0.97,1.05,1.06,1.02,0.98,1.01,0.98,1.03,1.03,1.02,1.03,1.06,1.08,1.11,1.13,1.18,1.28,1.3,1.22,1.17,1.16,1.22,1.3,1.25,1.21,1.16,1.17,1.24,1.26,1.18,1.14,1.12,1.11,1.13,1.07,1.02,1.02,1.06,1.1,1.15,1.16,1.24,1.4,1.41,1.41,1.38,1.35,1.3,1.25,1.11,1.07,1.05,1.06,1.02,1.07,1.12,1.17,1.18,1.19,1.18,1.19,1.17,1.17,1.17,1.16,1.15,1.13,1.1,1.04,1.01,0.98,0.96,0.95,0.99,1.01
2,0,0,0,0,0,0,0,0,0,0,0,0,0,0,0,0,0,0,0,0,0,0,0,0,0,0,0,0,0,0,0,0,0,0,0,0,0,0,0,0,0,0,0,0,0,0,0,0,0,0,0,0,1.476549548,1.529594499,2.043672881,1.517173274,2.371250436,3.879567588,4.24,4.83,4.62,4.9,3.98,3.17,2.8,2.71,2.32,2.11,2.05,1.83,1.64,1.56,1.41,1.46,1.46,1.29,1.19,1.16,1.21,1.1,1.09,0.99,0.96,0.95,0.97,0.96,1.11,1.04,1.08,1.05,1.1,1.12,1.13,1.1,1.09,1.1,1.11,1.12,1.12,1.18,1.17,1.23,1.2,1.2,1.24,1.26,1.1,1.19,1.17,1.08,1.04,1.02,1.03,1.13,1.07,1.07,1.11,1.08,1.07,1.02,0.98,0.9,0.9,0.92,0.93,0.87,0.95,1,1.18,1.3,1.4,1.29,1.52,1.57,1.42,1.53,1.48,1.52,1.51,1.28,1.29,1.36,1.29,1.27,1.18,1.16,1.34,1.31,1.36,1.44,1.49,1.49,1.46,1.43,1.32,1.26,1.21,1.18,1.2,1.08,1.1,1.24,1.21,1.21,1.12,1.07,1.17,1.1,1.01,1.03,1.02,1.02,0.98,0.9,0.93,0.94,0.92,0.92,0.92,0.93,0.95,0.93,0.88,0.85,0.85,0.93,0.93,0.96,0.9,0.93,0.96,0.96,0.93,0.91,0.88,0.84,0.82,0.79,0.7,0.61,0.61,0.63,0.7,0.66,0.7,0.71,0.74,0.79,0.82,0.82,0.84,0.78,0.77,0.82,0.74,0.75,0.78,0.74,0.77,0.79,0.75,0.82,0.83,0.77,0.9,1.04,1.11,1.15,1.09,1.07,0.95,0.94,0.78,0.75,0.72,0.8,0.85,1.01,1.09,1.5,1.66,1.49,1.36,1.27,1.22,1.11,0.84,0.69,0.69,0.72,0.78,0.84,0.85,0.91,0.95,1.02,1,1.02,1.07,1.14,1.16,1.16,1.19,1.21,1.21,1.12,1.15,1.17,1.15,1.12,1.12,1.14,1.18,1.16,1.1,1.12,1.08,1.17,1.15,1.13,1.11,1.13,1.19,1.3,1.26,1.18,1.19,1.12,1.18,1.2,1.23,1.22,1.15,1.27,1.33,1.2,1.22,1.24,1.22,1.25,1.16,1.19,1.33,1.36,1.28,1.31,1.3,1.3,1.27,1.17
3,0,0,0,0,0,0,0,0,0,0,0,0,0,0,0,0,0,0,0,0,0,0,0,0,0,0,0,0,0,0,0,0,0,0,0,0,0,0,0,0,0,0,0,0,0,0,0,0,0,0,0,0,5.725687617,4.099736921,2.851717836,2.890090634,3.289910278,3.874065194,4.25,3.33,3.25,2.85,2.44,2.49,2.09,1.71,1.49,1.28,1.31,1.33,1.16,1.19,1.22,1.11,1.32,1.27,1.27,1.27,1.18,1.17,1.19,1.07,1.13,1.13,1.12,1.08,1.04,1.12,0.96,1.11,1.52,1.31,1.45,1.8,1.65,1.49,1.26,0.93,0.96,0.84,0.54,0.53,0.62,0.57,0.57,0.7,0.75,0.85,1.25,1.13,1.13,1.29,1.16,1.21,1.22,0.97,1.25,1.21,1.14,1.12,1.57,1.53,1.45,1.29,1.25,1.23,1.19,0.96,1.02,1.09,1.15,1.2,1.34,1.4,1.38,1.27,1.33,1.31,1.3,1.21,1.17,1.17,1.37,1.35,1.29,1.26,1.17,1.16,1.08,1.05,1.02,1.02,1.05,1.14,1.21,1.29,1.22,1.18,1.16,1.1,1.05,0.96,1.01,0.98,0.98,1.01,1.01,0.94,1.03,1.01,1.06,1.17,1.12,1.12,1.22,1.14,1.11,1.06,0.98,1.01,1.04,1.02,1.02,1.06,1.12,1.09,1.06,1.07,1.05,1.08,1.02,0.97,0.96,0.96,0.96,0.98,1.01,1,1.05,1.06,1.04,1,0.93,0.89,0.89,0.84,0.71,0.76,0.75,0.8,0.85,0.86,0.95,1.12,1.04,1,1.01,0.99,1.04,1.02,1.08,1.09,1.09,1.02,1,1.16,1.22,1.12,1.14,1.1,1.12,1.07,0.88,0.88,0.94,0.91,0.94,1.01,1.1,1.18,1.09,1.13,1.12,1.14,1.09,1.09,1.08,1.07,1,0.98,1.01,1.03,1.02,1.02,1.03,1.01,1.01,0.94,0.93,0.92,0.96,1.01,1.04,1.06,1.09,1.08,1.11,1.09,1.05,1.03,1.02,1,1.02,1.03,1.01,1.06,1.1,1.11,1.1,1.09,1.04,1.01,0.98,1,1.01,1,0.94,1.05,1.12,1.2,1.21,1.19,1.19,1.26,1.24,1.21,1.21,1.19,1.13,1.12,1.11,1.06,1.08,1.04,1.03,1.07,1.03,1.07,1.08,1.07
4,0,0,0,0,0,0,0,0,0,0,0,0,0,0,0,0,0,0,0,0,0,0,0,0,0,0,0,0,0,0,0,0,0,0,0,0,1.836161891,0.786102263,1.241232231,1.275245888,5.491849155,6.807065766,5.21483491,3.956089407,3.480136664,2.371777065,3.994768483,3.374026978,2.528995682,2.17258898,2.258185994,2.150298892,2.17643144,1.825854812,1.85613257,2.281383981,2.055634503,2.69295552,2.97,2.65,2.21,1.97,2.12,2.16,2.14,2.18,1.96,1.77,1.88,1.84,1.46,1.36,1.7,1.43,1.47,1.3,1.26,1.36,1.33,1.02,1.13,1.08,1.01,0.93,0.94,1,1.03,1.06,0.91,1.09,1.26,1.35,1.3,1.28,1.26,1.3,1.16,1.05,0.97,1,0.97,0.96,1,1.01,0.98,1.08,1.02,1.04,1.06,1.11,1.09,1.08,0.99,1,0.99,0.98,0.97,1,1,1.04,1.05,1.08,1.09,1.08,1.08,1.12,1.1,1.12,1.09,1.12,1.21,1.21,1.17,1.14,1.07,1.1,1.08,1.01,1.01,1,1.01,1.06,1.04,1.06,1.07,1.06,1.04,1.07,1.11,1.17,1.15,1.18,1.22,1.3,1.39,1.36,1.29,1.28,1.22,1.2,1.19,1.22,1.23,1.26,1.22,1.18,1.28,1.22,1.2,1.14,1.1,1.1,1.13,1.05,1.05,1.03,1.05,1.08,1.08,1.08,1.04,1.06,1.07,1.12,1.09,1.08,1.05,1.03,0.98,0.91,0.9,0.89,0.85,0.89,0.89,0.89,0.85,0.79,0.82,0.87,0.89,0.95,1.14,1.26,1.25,1.19,1.23,1.17,1.1,0.95,0.85,0.85,0.83,0.75,0.77,0.78,0.81,0.85,0.85,0.87,0.86,0.87,0.88,0.88,0.86,0.9,0.92,0.94,0.92,0.9,0.89,0.83,0.8,0.77,0.78,0.8,0.83,0.85,0.93,0.95,0.98,1,0.99,1.01,1.02,1.03,1.02,1.01,1,0.99,0.98,0.96,0.97,0.97,0.98,0.9,0.92,0.94,0.93,0.93,0.96,0.99,1.08,1.06,1.06,1.08,1.06,1.04,0.99,0.94,0.9,0.92,0.97,1.03,1.02,1.15,1.27,1.32,1.23,1.17,1.15,1.16,1.05,1,0.97,1.01,1.04,1.06,1.06,1.13,1.14,1.21,1.27,1.25,1.25,1.25,1.2,1.25,1.27,1.27,1.28,1.26,1.28,1.33,1.35,1.32,1.21,1.25,1.31,1.28
5,0,0,0,0,0,0,0,0,0,0,0,0,0,0,0,0,0,0,0,0,0,0,0,0,0,0,0,0,0,0,0,0,0,0,0,0,0,0,0,0,0,0,0,0,0,0,0,4.416337492,3.94766231,5.203753743,4.628198316,2.838476365,1.737362665,4.70878598,3.719546841,2.744135561,2.203258316,2.199383068,2.49,2.71,2.22,2.21,2.4,2.29,2.46,2.35,2.18,1.92,1.79,1.65,1.6,1.46,1.4,1.32,1.3,1.17,1.08,0.99,1.05,0.92,0.98,1,1.07,1.06,1.1,0.98,1.1,1.03,0.93,0.93,0.99,1.04,1.06,1.27,1.35,1.38,1.31,1.26,1.18,1.17,0.99,0.9,0.89,0.88,0.9,0.92,0.96,0.97,1,0.97,0.9,0.89,0.87,0.82,0.81,0.79,0.81,0.93,0.93,0.97,0.98,0.97,1.02,0.99,0.9,0.9,0.98,0.88,0.97,0.98,1.03,1.08,1.04,0.93,1.01,0.91,0.8,0.76,0.79,0.8,0.78,0.73,0.72,0.74,0.76,0.79,0.82,0.92,1.01,1.11,1.07,1.12,1.09,1.11,1.11,1.15,1.14,1.16,1.19,1.17,1.14,1.13,1.1,1.04,1.04,0.99,0.97,1.09,1.16,1.18,1.36,1.36,1.34,1.31,1.24,1.18,1.19,1.13,1.11,1.09,1.1,1.09,1.13,1.12,1.1,1.19,1.21,1.11,1.14,1.07,1,0.97,0.88,0.87,0.9,0.83,0.89,0.93,0.9,0.91,0.9,0.95,0.96,0.88,0.87,0.88,0.86,0.88,0.84,0.81,0.83,0.84,0.85,0.88,0.87,0.9,1.01,0.99,1,1.04,1.02,0.98,0.98,0.93,0.96,0.93,0.91,0.96,1.03,1.03,0.95,0.95,0.96,0.94,0.99,1.07,1.14,1.23,1.36,1.38,1.42,1.39,1.32,1.29,1.3,1.23,1.2,1.17,1.12,1.11,1.05,1,0.97,1,1,0.85,1.02,1.05,1.07,1.12,1.14,1.15,1.36,1.22,1.18,1.21,1.16,1.17,1.22,1.19,1.17,1.21,1.19,1.23,1.21,1.17,1.22,1.27,1.35,1.31,1.25,1.23,1.28,1.32,1.1,1.27,1.32,1.36,1.39,1.37,1.31,1.41,1.25,1.24,1.23,1.26,1.34,1.34,1.3,1.25,1.2,1.17,1.16,1.1,1.1,1.07,1.03,1.01,0.99,0.99
6,0,0,0,0,0,0,0,0,0,0,0,0,0,0,0,0,0,0,0,0,0,0,0,0,0,0,0,0,0,0,0,0,0,0,0,0,0,0,0,0,0,0,0,0,0,0,0,0,0,0,0,0,0,6.475332134,6.39980624,5.68735234,4.622937123,4.656829577,3.64,2.83,2.89,2.7,3.03,3.24,2.58,2.51,2.34,2.39,2.48,2.3,1.96,1.71,1.91,1.71,1.46,1.54,1.51,1.54,1.59,1.26,1.39,1.33,1.26,1.14,1.05,1.05,1.14,1.01,0.98,1.06,1.04,1.25,1.14,1.08,1.05,1.07,0.9,0.86,0.64,0.72,0.81,0.83,0.74,0.76,0.87,0.89,0.89,0.81,0.85,1.01,0.92,0.91,0.96,0.93,0.94,0.96,1.01,1.14,1.06,1.06,0.94,0.89,0.84,0.8,0.75,0.81,0.68,0.74,0.71,0.72,0.66,0.76,0.73,0.83,0.81,0.85,0.94,0.95,0.73,0.67,0.75,0.77,0.82,0.82,0.82,0.87,0.92,0.87,0.81,0.74,0.64,0.63,0.56,0.62,0.6,0.75,0.73,0.76,0.9,0.99,1.07,1.14,1.11,1.1,0.83,0.68,1.05,0.92,0.95,1.01,1.03,1.03,1.03,0.96,0.89,0.96,1,1.12,1.11,1.09,0.96,0.99,1.03,0.84,1.57,1.51,1.38,1.33,1.32,1.66,1.66,1.06,0.99,0.98,1.02,0.97,0.65,0.56,0.54,0.6,0.66,0.71,0.87,0.77,0.9,1,1.02,1.02,1.23,1,1.04,1.11,1.04,1.03,1.02,1.21,1.23,1.36,1.31,1.31,1.23,1.17,1,1.09,0.99,0.95,0.97,0.97,0.98,0.55,0.92,0.96,1.13,1.22,1.18,1.14,1.76,1.33,1.24,1.18,1.05,1.02,1.01,0.94,0.95,0.97,0.93,0.92,0.93,0.94,1.01,1.06,1.12,1.13,1.49,1.4,1.29,1.4,1.27,1.13,1.2,1,0.98,0.98,1.27,1.35,1.3,1.12,1.31,1.26,1.19,1.08,1.09,1.17,1.27,1.17,1.12,1.09,1.35,1.33,1.27,1.43,1.36,1.26,1.19,1.27,1.31,1.24,1.25,1.24,1.19,1.14,1.21,1.25,1.38,1.23,1.38,1.3,1.22,1.3,1.26,1.22,1.27,1.16,1.11,1.08,1.11,0.99,0.97,0.78
7,0,0,0,0,0,0,0,0,0,0,0,0,0,0,0,0,0,0,0,0,0,0,0,0,0,0,0,0,0,0,0,0,0,0,0,0,0,0,0,0,0,0,0,0,0,0,0,0,0,0,0,0,0,0,0,3.437989705,4.026604351,2.895218693,2.7,2.28,2.36,3.11,2.66,2.13,2.08,1.93,2.18,1.91,1.61,1.72,1.77,1.55,1.58,1.89,1.93,1.96,1.96,2.04,1.89,1.72,1.51,1.45,1.36,1.29,1.09,1.01,1.15,1.2,1.22,1.03,1.31,1.28,1.28,1,0.9,1.23,1.57,1.17,1.07,0.94,1.07,1.06,0.75,0.52,0.56,0.9,1.27,1.09,1.25,1.17,1.2,1.26,1.11,0.93,0.93,0.81,0.99,1,0.96,0.91,0.91,1.06,0.92,0.76,0.86,0.78,0.71,0.67,0.74,0.87,0.9,0.72,0.75,0.74,0.73,0.61,0.68,0.61,0.61,0.68,0.77,0.91,0.91,0.78,0.92,0.99,1.02,1.03,1.15,0.98,1.3,1.19,1.05,1.03,1.1,0.92,1.12,1.07,1.31,1.21,1.34,1.54,1.35,1.41,1.41,1.38,1.44,1.24,1,1.13,1.02,0.91,0.68,0.67,0.75,0.77,0.92,0.94,0.78,0.94,1.17,1.11,1.18,0.83,1.1,1.1,1.28,1.02,1.1,1.03,1.01,0.89,0.9,0.71,0.79,0.99,0.99,1,0.93,1.04,1.03,0.86,0.61,0.95,1,1.49,1.41,1.34,1.25,1.24,0.94,0.98,0.54,0.57,0.57,0.66,0.58,0.5,0.44,1.22,1.38,1.21,1.53,1.38,1.5,1.56,1.04,1.05,1.34,1.1,1.05,0.88,0.96,0.91,1.12,0.95,1.12,1.13,1.24,1.18,1.1,0.73,0.89,0.69,0.82,0.99,0.81,0.92,1.21,1.07,1.25,1.08,0.91,1.35,1.38,1.22,1.14,0.94,1.05,1.05,0.82,0.79,1.03,0.91,1.23,1.1,1.05,0.99,1.01,0.91,1.21,0.9,1.03,1.18,1.23,1.01,0.93,1,1.01,0.96,0.9,0.91,1.36,1.34,1.13,1.19,1.17,1.2,1.02,1.09,0.93,1.06,1.38,1.42,1.16,1.24,1.17,1.36,1.34,1.39,1.28,1.4,1.22,1.23,1.23,1.21,1.2,1.08,1.02,1.22
8,0,0,0,0,0,0,0,0,0,0,0,0,0,0,0,0,0,0,0,0,0,0,0,0,0,0,0,0,0,0,0,0,0,0,0,0,0,0,0,0,0,0,0,0,0,0,0,0,0,0,0,0,0,0,1.99,3.3,3.6,4.1,4.03,3.17,3.08,2.78,2.3,2.14,1.83,1.99,2.01,1.91,1.77,1.81,1.73,1.66,1.56,1.43,1.27,1.21,0.85,0.81,0.72,0.58,0.59,0.63,0.58,0.52,0.49,0.54,0.69,0.62,0.56,0.59,0.63,0.61,0.57,0.35,0.3,0.3,0.34,0.35,0.4,0.4,0.4,0.38,0.4,0.57,0.47,0.46,0.53,0.58,0.66,1,0.96,0.96,0.9,0.92,1.37,1.58,1.4,1.21,1.18,1.37,1.24,1.03,0.85,0.8,0.73,0.68,0.52,0.94,1.32,1.36,1.32,1.43,1.5,1.31,1.61,2.1,1.98,1.82,1.99,1.96,2,2.19,2.28,2.07,1.97,1.63,1.48,1.63,1.71,1.46,1.43,1.28,1.23,1.3,1.22,1.06,0.97,1.19,1.17,1.35,1.25,1.27,1.37,1.53,1.43,1.4,1.54,1.58,1.58,1.45,1.47,1.35,1.35,1.18,1.18,1.08,1.05,0.93,0.99,0.97,1.01,0.96,1.2,1.43,1.69,1.78,1.69,1.63,1.87,1.93,1.9,1.72,1.48,1.76,1.81,1.73,1.6,1.56,1.63,1.63,1.42,1.29,1.26,1.41,1.38,1.36,1.35,1.32,1.27,1.27,1.15,1.13,1.11,1.13,1.12,1.17,1.17,1.2,1.2,1.2,1.15,1.11,1.08,1.12,1.06,1.06,1.02,1,1,0.95,0.82,0.82,0.79,0.77,0.78,0.81,0.86,0.9,0.93,0.92,0.93,0.92,0.92,0.95,1.07,1.01,1.01,1.05,1.09,1.14,1.17,1.1,1.12,1.08,1.09,1.05,1.01,1.01,1.01,1.02,0.91,0.96,1.05,1.09,1.04,0.97,0.98,1.15,1.05,1.03,1.07,1.07,1.12,1.08,1.1,1.17,1.16,1.21,1.19,1.13,1.19,1.02,0.96,0.93,0.89,0.99,1.06,1.13,1.3,1.32,1.39,1.41,1.32,1.24,1.15,1.13,1.1,1.07,0.89,0.95,0.95,0.89,0.93,0.94,1.05,1.29,1.3,1.29,1.31,1.29
9,0,0,0,0,0,0,0,0,0,0,0,0,0,0,0,0,0,0,0,0,0,0,0,0,0,0,0,0,0,0,0,0,0,0,0,0,0,0,0,0,0,0,0,0,0,0,0,5.630057117,3.411252802,3.060153002,2.59753871,1.993214699,2.806848868,5.74890816,3.335620848,3.057400327,3.454059851,3.223096333,3,2.94,2.66,2.5,2.28,2.39,2.38,2.44,2.38,2.26,2.05,1.97,1.82,1.75,1.64,1.53,1.34,1.32,1.25,1.17,1.11,1.06,1.01,1.01,0.98,0.92,0.92,0.89,0.95,0.93,0.93,0.89,0.94,0.93,0.98,0.9,0.84,0.85,0.86,0.87,0.83,0.92,0.98,1.08,1.04,1.09,1.04,1.07,0.96,0.83,0.86,0.79,0.86,0.98,0.97,0.98,0.9,1.15,1.32,1.2,1.06,1.04,1.11,1.23,0.97,0.95,0.96,0.97,0.95,0.73,0.84,0.93,0.95,0.92,0.95,1.16,1.44,1.38,1.34,1.32,1.29,1.28,1.21,1.19,1.22,1.29,1.33,1.34,1.42,1.44,1.45,1.49,1.49,1.44,1.39,1.31,1.37,1.37,1.5,1.61,1.62,1.52,1.45,1.35,1.37,1.29,1.24,1.21,1.17,1.15,1.18,1.11,1.12,1.07,1.13,1.21,1.2,1.15,1.18,1.14,1.1,1.04,0.99,0.99,0.99,0.94,0.96,1,0.96,0.95,0.95,0.96,0.96,0.93,0.9,0.89,0.85,0.82,0.79,0.79,0.8,0.82,0.84,0.86,0.9,0.98,0.96,0.94,0.9,0.87,0.86,0.84,0.77,0.76,0.77,0.75,0.77,0.81,0.81,0.81,0.8,0.8,0.8,0.82,0.84,1.08,1.06,1.06,1.02,1.03,1.02,1.02,0.78,0.78,0.78,0.84,0.85,0.88,0.9,0.97,1,1.05,1.02,1.03,1.03,1.02,1,1.01,0.97,0.95,0.92,0.9,0.86,0.93,0.91,0.93,0.94,0.95,0.96,1.01,0.95,1,1.05,1.06,0.88,1.11,1.12,1.12,1.11,1.08,1.09,1.3,1.09,1.05,1.08,1.03,1.13,1.12,1.11,1.08,1.13,1.14,1.19,1.09,1.13,1.02,1.1,1.13,1.12,1.1,1.15,1.11,1.15,1.18,1.12,1.08,1.09,1.06,1.09,1.07,1.14,1.14,1.19,1.2,1.24,1.23,1.26,1.12,1.11,1.1,1.08,1.22
10,0,0,0,0,0,0,0,0,0,0,0,0,0,0,0,0,0,0,0,0,0,0,0,0,0,0,0,0,0,0,0,0,0,0,0,0,0,0,0,0,0,0,0,0,3.736631665,2.883343662,3.002057153,3.164134381,3.262585166,3.195425772,3.779384433,3.344463207,2.815250158,2.821100485,2.670541954,2.325492864,2.443402978,2.445511562,2.41,2.15,2.07,2.17,2.1,2.07,2.01,2.19,1.97,1.72,1.61,1.98,1.89,1.78,1.52,1.42,1.32,1.34,1.42,1.48,1.36,1.36,1.27,1.16,1.18,1,0.9,0.98,0.98,0.97,1.05,1,0.95,0.99,0.99,0.95,1.02,0.98,0.96,0.96,0.96,0.89,0.95,0.91,0.92,0.93,0.95,0.95,1.03,0.94,0.93,1.08,1.01,1.04,0.98,0.87,0.89,0.98,0.93,0.99,1,1.06,1.14,1.22,1.27,1.24,1.15,1.02,0.99,1.01,0.93,0.89,0.91,1,1.05,1.05,1.07,1.09,1.04,0.99,0.94,0.99,1.01,1.04,1.07,1.15,1.19,1.19,1.16,1.17,1.12,1.14,1.23,1.19,1.2,1.3,1.34,1.35,1.36,1.29,1.35,1.35,1.27,1.3,1.37,1.35,1.31,1.23,1.13,1.18,1.17,1.09,1.16,1.16,1.15,1.22,1.18,1.17,1.16,1.11,1.14,1.14,1.07,1.05,1.02,1.04,1.06,1.02,0.99,1,1.03,1.03,1.01,0.98,0.97,0.99,0.98,0.92,0.94,0.92,0.93,0.97,0.98,0.99,1.04,1.03,1,0.96,0.92,0.88,0.87,0.87,0.84,0.87,0.9,0.89,0.91,0.95,0.93,0.95,0.95,0.93,0.93,0.92,0.89,0.91,0.92,0.94,0.94,0.93,0.96,0.92,0.88,0.89,0.86,0.87,0.89,0.9,0.96,0.99,1.03,1.02,1.02,1.02,1,0.99,0.95,0.88,0.86,0.87,0.83,0.83,0.82,0.87,0.92,0.94,0.91,0.93,0.96,0.98,1.05,1.04,1.05,1.09,1.06,1.07,1.06,0.99,0.96,0.97,0.97,1.04,1.04,1.03,1.04,1.03,1.04,1.11,1.09,1.08,1.08,1.11,1.18,1.16,1.04,1.08,1.07,1.05,1.04,1.04,1.04,1.1,1.04,1.02,1.04,1.18,1.12,1.12,1.15,1.18,1.18,1.12,1.09,1.11,1.12,1.09,1.23,1.2,1.19,1.11,1.08,1.06
11,0,0,0,0,0,0,0,0,0,0,0,0,0,0,0,0,0,0,0,0,0,0,0,0,0,0,0,0,0,0,0,0,0,0,0,0,0,0,0,0,0,0,0,0,0,0,0,0,0,0,0,0,0,0,2.990494204,3.424795558,3.594609306,4.703448468,3.83,2.97,2.88,2.58,2.1,1.94,1.63,1.79,1.81,1.71,1.57,1.61,1.53,1.46,1.36,1.23,1.07,1.01,0.95,0.91,0.82,0.68,0.69,0.73,0.68,0.62,0.59,0.64,0.79,0.72,0.66,0.69,0.73,0.71,0.67,0.45,0.4,0.4,0.44,0.45,0.5,0.5,0.5,0.48,0.5,0.67,0.57,0.56,0.63,0.68,0.76,1,0.96,0.96,0.9,0.92,1.27,1.48,1.3,1.11,1.08,1.27,1.14,0.93,0.75,0.7,0.63,0.58,0.42,0.84,1.22,1.26,1.22,1.33,1.4,1.21,1.51,2,1.88,1.72,1.89,1.86,1.9,2.09,2.18,1.97,1.87,1.53,1.38,1.53,1.61,1.36,1.33,1.18,1.13,1.2,1.12,0.96,0.87,1.09,1.07,1.25,1.15,1.17,1.27,1.43,1.33,1.3,1.44,1.48,1.48,1.35,1.37,1.25,1.25,1.08,1.08,0.98,0.95,0.83,0.89,0.87,0.91,0.86,1.1,1.33,1.59,1.68,1.59,1.53,1.77,1.83,1.8,1.62,1.38,1.66,1.71,1.63,1.5,1.46,1.53,1.53,1.32,1.19,1.16,1.31,1.28,1.26,1.25,1.22,1.17,1.17,1.05,1.03,1.01,1.03,1.02,1.07,1.07,1.1,1.1,1.1,1.05,1.01,0.98,1.02,0.96,0.96,0.92,0.9,0.9,0.85,0.72,0.72,0.69,0.67,0.68,0.71,0.76,0.8,0.83,0.82,0.83,0.82,0.82,0.85,0.97,0.91,0.91,0.95,0.99,1.04,1.07,1,1.02,0.98,0.99,0.95,0.91,0.91,0.91,0.92,0.81,0.86,0.95,0.99,0.94,0.87,0.88,1.05,0.95,0.93,0.97,0.97,1.02,0.98,1,1.07,1.06,1.11,1.09,1.03,1.09,0.92,0.86,0.83,0.79,0.89,0.96,1.03,1.2,1.22,1.29,1.31,1.22,1.14,1.05,1.03,1,0.97,0.79,0.85,0.85,0.79,0.83,0.84,0.95,1.19,1.2,1.19,1.21,1.19
12,0,0,0,0,0,0,0,0,0,0,0,0,0,0,0,0,0,0,0,0,0,0,0,0,0,0,0,0,0,0,0,0,0,0,0,0,0,0,0,0,0,0,0,0,0,0,0,0,0,0,0,0,0,0,0,0,0,6.934704358,5.55,4.33,2.88,2.24,2.54,3.51,3.87,3.31,2.58,2.34,2.6,2.61,2.48,2.52,2.25,1.9,1.54,1.29,1.08,0.85,0.69,0.59,0.55,0.65,0.63,0.6,0.84,0.65,0.7,0.75,0.66,0.82,0.98,0.77,0.84,0.83,0.88,0.93,0.76,0.81,0.83,0.85,0.81,0.89,0.86,1.02,0.97,0.96,0.91,0.96,0.97,0.97,0.9,0.98,0.99,1.04,1.1,1.12,1.1,1.11,1.02,1.01,1,1.13,1.12,1.09,1.19,1.13,1.11,1.13,0.97,0.99,0.99,1.03,1.08,1.19,1.28,1.33,1.23,1.16,1.06,1.04,0.97,0.89,0.87,0.96,0.98,1.04,1.22,1.39,1.57,1.7,1.79,1.59,1.84,1.77,1.82,1.76,1.76,1.59,1.4,1.46,1.54,1.42,1.3,1.3,1.36,1.51,1.33,1.3,1.31,1.35,1.31,1.32,1.26,1.26,1.14,1.19,1.23,1.22,1.16,1.17,1.1,1.14,1.05,0.96,0.93,0.94,0.89,0.94,0.95,0.95,1,0.99,0.95,0.92,0.87,0.9,0.93,0.98,1.01,1.07,1.05,1.07,1.04,1.05,0.98,0.98,0.9,0.91,0.88,0.86,0.83,0.83,0.76,0.79,0.83,0.84,0.88,0.88,0.87,0.9,0.92,0.94,0.96,0.91,0.92,0.89,0.91,0.92,0.94,0.88,0.87,0.91,0.96,1.01,0.98,0.94,1.05,1.07,1.04,1.08,1.14,1.16,1.2,1.25,1.28,1.28,1.26,1.22,1.27,1.19,1.15,1.13,1.18,1.15,1.16,1.1,1.09,1.08,1.11,1.1,1.13,1.1,1.12,1.12,1.13,1.09,1.06,1.05,1.14,1.19,1.19,1.17,1.2,1.23,1.23,1.17,1.15,1.14,1.11,1.08,1.04,1.03,1.02,0.97,0.95,0.96,1.02,1.09,1.14,1.16,1.23,1.21,1.24,1.19,1.2,1.14,1.12,1.11,1.12,1.07,1.12,1.05,1.08,1.09,1.03,1,1.03,1.01,1.06,0.95
13,0,0,0,0,0,0,0,0,0,0,0,0,0,0,0,0,0,0,0,0,0,0,0,0,0,0,0,0,0,0,0,0,0,0,0,0,0,0,0,0,0,0,0,0,0,0,0,2.677394623,4.403819166,4.646052884,3.448787686,2.245577328,1.743169122,4.833061647,3.646453953,3.568303197,4.556237874,4.376639082,3.92,3.33,3.06,2.72,2.37,2.13,2.32,2.16,1.96,2.12,1.87,1.86,1.83,1.58,1.59,1.66,1.43,1.4,1.35,1.35,1.36,1.3,1.2,1.24,1.21,1.15,1.09,1.04,1.06,1.08,1.02,1,1.04,1.1,1.16,1.22,1.23,1.26,1.27,1.26,1.21,1.21,1.19,1.17,1.18,1.17,1.12,1.09,1.07,1.04,1.02,0.94,0.88,1,0.98,1.02,0.99,0.98,0.99,1.05,0.9,0.95,0.9,0.94,0.97,1.03,0.99,0.97,0.89,0.85,0.8,0.77,0.72,0.71,0.79,0.82,0.81,0.8,0.78,0.77,0.86,0.8,0.79,0.8,0.79,0.78,0.79,0.7,0.71,0.75,0.76,0.82,0.86,0.88,0.91,0.93,0.98,1.06,1.07,1.09,1.07,1.11,1.12,1.11,0.91,1.09,1.1,1.08,1.04,1,1.02,1.21,1.09,1.12,1.15,1.17,1.15,1.15,1.15,1.13,1.11,1.08,1.1,1.11,1.14,1.16,1.15,1.13,1.17,1.14,1.12,1.07,1.06,1.09,1.09,1.07,1.05,1.08,1.1,1.1,1.09,1.12,1.09,1.07,1.06,1.03,1.01,1.02,0.99,1,1.04,1.05,1.1,1.08,1.06,1.09,1.1,1.06,1.04,1.02,1,1.01,0.97,0.98,0.99,0.98,0.98,0.96,1.2,1.25,1.16,1.09,1.06,0.99,1.02,0.81,0.78,0.82,0.85,0.89,0.96,0.99,0.99,1.02,1.02,1.02,1.02,1.01,1.02,1.06,1.05,1.05,1.06,1.03,1.05,1.04,1,1,0.99,1,1.02,1.04,1.1,1.13,1.14,1.19,1.21,1.24,1.2,1.2,1.26,1.24,1.25,1.21,1.19,1.21,1.2,1.15,1.2,1.16,1.17,1.14,1.17,1.18,1.24,1.24,1.27,1.24,1.25,1.22,1.25,1.26,1.3,1.28,1.29,1.33,1.34,1.29,1.27,1.18,1.14,1.12,1.09,1.02,1.03,0.99,1,0.99,0.95,0.92,0.96,0.94
14,0,0,0,0,0,0,0,0,0,0,0,0,0,0,0,0,0,0,0,0,0,0,0,0,0,0,0,0,0,0,0,0,0,0,0,0,0,0,0,0,0,0,0,0,0,0,0,0,0,0,4.32980112,2.567848707,1.884095961,2.403820864,2.414387296,2.304759956,2.21157744,2.635184892,3.2,4.03,4.43,3.71,3.54,3.21,3.09,3.45,3.04,2.6,2.31,2.16,2.05,1.95,1.7,1.62,1.53,1.5,1.45,1.33,1.21,1.2,1.16,1.13,1.02,0.92,0.93,0.99,1.02,1.01,1.03,1.08,1.1,1.06,1.05,1.04,1.1,1.1,1.21,1.23,1.25,1.2,1.19,1.13,1.1,0.99,0.96,1.02,1.01,0.98,0.96,0.91,0.91,0.92,0.82,0.83,0.85,0.89,0.94,0.96,0.95,1.02,1.05,1.01,0.97,0.96,0.93,0.92,0.87,0.88,0.91,0.98,0.96,0.94,0.96,1.01,0.94,0.94,0.88,0.91,0.92,0.94,0.89,0.92,0.91,0.92,0.92,1.05,1.03,1,1,0.97,0.94,0.95,0.84,0.81,0.86,0.93,1.02,1.08,1.07,1.09,1.13,1.14,1.08,1.07,1.09,1.15,1.13,1.08,1.08,1.09,1.14,1.2,1.15,1.14,1.21,1.24,1.24,1.19,1.15,1.21,1.21,1.18,1.15,1.16,1.18,1.15,1.1,1.06,1.05,1.01,1.01,0.99,1,0.98,0.99,1,1.02,1.03,1.09,1.09,1.12,1.11,1.1,1.06,1.05,1.01,1,0.95,0.95,0.95,0.93,0.93,0.94,0.94,0.93,1.13,1.12,1.17,1.17,1.1,1.09,1.1,0.97,0.94,0.94,0.94,0.99,0.99,0.99,0.94,0.9,0.89,0.86,0.92,0.94,1.02,1.05,1.1,1.06,1.06,1.01,1,0.92,0.89,0.89,0.94,0.96,1,1.01,1.04,1.1,1.11,1.13,1.14,1.16,1.17,1.16,1.12,1.12,1.14,1.15,1.16,1.19,1.21,1.25,1.26,1.19,1.19,1.19,1.2,1.16,1.12,1.08,1.11,1.16,1.14,1.13,1.14,1.14,1.14,1.17,1.19,1.19,1.19,1.18,1.21,1.21,1.22,1.22,1.24,1.25,1.28,1.26,1.28,1.26,1.28,1.25,1.3,1.3,1.25,1.21,1.18,1.15,1.15,1.08,1.04,1.03,1.03,1.02,0.99
15,0,0,0,0,0,0,0,0,0,0,0,0,0,0,0,0,0,0,0,0,0,0,0,0,0,0,0,0,0,0,0,0,0,0,0,0,0,0,0,0,0,0,0,0,0,0,0,0,10.55930867,4.826492459,3.177944019,2.2502687,1.782088016,1.77638653,1.243347504,1.221419074,1.696282781,1.831468166,1.68,2.64,2.89,2.7,2.41,2.17,2.23,2.61,2.53,2.16,2.28,2.2,1.97,1.78,1.64,1.53,1.5,1.34,1.31,1.33,1.38,1.36,1.34,1.25,1.25,1.33,1.26,1.22,1.27,1.28,1.6,1.64,1.78,1.59,1.44,1.55,1.74,1.55,1.47,1.35,1.42,1.38,1.37,1.32,1.29,1.26,1.17,1.07,1.14,1.02,0.85,0.79,0.78,0.85,0.91,0.85,0.86,0.91,0.95,0.97,0.88,0.85,0.94,0.94,1,1.02,0.98,0.93,1.1,0.96,0.97,0.93,0.92,0.86,0.96,0.74,0.96,0.98,1.01,0.92,1.05,1.02,1.14,0.98,0.98,1,1.04,0.93,0.87,0.84,0.88,0.92,0.87,1.02,1,1.11,1.13,1.19,1.15,1.17,1.14,1.19,1.09,1.13,1.19,1.07,1.16,1.07,1.05,1.11,1.08,1.05,1.19,1.2,1.24,1.21,1.14,1.09,1.1,1.06,0.92,0.97,1.01,0.99,1.02,0.96,0.98,1,0.96,0.93,0.93,0.93,0.98,0.96,0.97,0.97,0.98,0.97,1.01,1,0.99,0.99,0.99,0.97,0.99,0.96,0.91,0.95,1.1,1.14,1.15,1.09,1.01,1.21,1.15,1.08,1.03,1,1.14,1.28,1.74,1.81,1.52,1.44,1.37,1.26,1.17,0.79,0.76,0.87,0.87,0.86,0.86,0.81,0.86,0.84,0.8,0.84,0.88,0.9,1.11,1.03,1.11,1.14,1.09,1.11,1.11,1.05,1.13,1.09,1.08,1.08,1.05,1.05,1.06,1.04,1.02,1.02,0.99,0.95,0.95,0.93,1.01,1.05,1.08,1.15,1.14,1.13,1.18,1.08,1.07,1.07,1.03,1.03,1.06,0.99,1.09,1.05,1.1,1.13,1.13,1.12,1.22,1.23,1.36,1.42,1.45,1.43,1.37,1.32,1.42,1.38,1.39,1.36,1.46,1.48,1.48,1.34,1.33,1.25,1.19,1.08,1.01,0.97,0.96,0.93,0.9,0.88,0.88,0.9,0.9,0.88
16,0,0,0,0,0,0,0,0,0,0,0,0,0,0,0,0,0,0,0,0,0,0,0,0,0,0,0,0,0,0,0,0,0,0,0,0,0,0,0,0,0,0,0,0,0,0,0,0,0,0,0,0,0,0,2.772175851,3.196137988,3.164084015,3.562053519,3.15,2.89,2.51,2.46,2.26,1.72,2.51,2.48,2.56,2.51,2.21,2.07,1.99,1.67,1.58,1.48,1.51,1.33,1.22,1.45,1.27,1.33,1.18,1.09,1,1.07,0.77,0.9,1,1.03,0.92,1.19,1.06,1.36,1.63,1.7,1.86,1.72,1.52,1.49,1.41,1.49,1.31,1.22,1.28,1.25,1.22,1.18,1.09,1.14,1.08,1.03,0.98,0.86,0.92,0.71,0.77,0.67,0.56,0.83,0.89,0.81,0.84,0.87,0.9,0.92,0.77,0.8,0.76,0.79,0.79,0.83,0.87,0.93,0.95,1.02,1.02,0.83,0.84,0.87,0.85,0.87,0.9,0.92,0.96,0.97,0.98,1.16,1.15,1.26,1.22,1.35,1.28,1.21,1.19,1.14,1.36,1.3,1.4,1.31,1.23,1.56,1.45,1.35,1.25,1.39,1.31,1.23,1.2,1.15,1.19,1.15,1.14,1.1,1.08,1.24,1.2,1.21,1.16,1.13,1.1,1.07,1.03,1.02,0.98,0.98,0.97,0.98,0.98,0.89,0.9,0.9,0.92,0.91,0.93,0.95,0.96,0.97,1.03,1.03,1.02,1.01,1.01,1.02,1.01,1,1,1.15,1.13,1.1,1.14,1.11,1.06,1.04,0.91,0.92,0.93,1.03,1.03,1.29,1.25,1.24,1.18,1.13,1.1,1.08,1,0.99,1.03,1.03,1.02,1.05,1.04,0.83,0.84,0.79,0.82,0.86,0.83,0.86,1.03,1.05,1.17,1.15,1.12,1.13,1.11,1.16,1.13,1.08,1.06,1.05,1.12,1.1,1.04,1.03,1.02,1.01,1.01,0.91,0.92,0.96,0.97,1.09,1.09,1.07,1.16,1.13,1.11,1.09,1.03,1.02,1.01,1.02,1.02,1.05,1.04,1.05,1.04,1.03,1.09,1.07,1.41,1.35,1.49,1.38,1.27,1.41,1.33,1.19,1.13,1.34,1.28,1.21,1.32,1.25,1.41,1.33,1.3,1.23,1.16,1.2,1.16,1.13,1.1,1.05,1.04,1.02,1.03,1.03,1.01,1.01
17,0,0,0,0,0,0,0,0,0,0,0,0,0,0,0,0,0,0,0,0,0,0,0,0,0,0,0,0,0,0,0,0,0,0,0,0,0,0,0,0,0,0,0,0,0,0,0,0,0,0,6.88982636,4.044799655,3.189583978,3.078264162,2.54011374,2.019877481,2.32849673,1.967230679,1.89,3.13,2.81,2.58,2.67,2.47,2.43,2.38,2.3,2.04,1.77,1.82,1.78,1.67,1.49,1.32,1.21,1.17,1.19,1.36,1.33,1.57,1.55,1.52,1.43,1.33,1.1,1.09,0.9,0.94,1.1,1.1,1.06,1.15,1.09,1.28,1.18,1.05,1.01,1.08,1.05,1.09,0.96,0.85,0.94,0.99,1.32,1.24,1.2,1.14,1.22,0.99,1.06,0.75,0.85,0.85,0.92,1.02,1.03,1.04,1,0.89,0.88,0.83,0.77,0.8,0.61,0.89,0.97,0.98,1.14,1.24,1.2,1.49,1.17,1.19,1.31,1.24,1.23,1.17,1.02,1.06,1.01,0.85,0.82,0.83,0.86,0.9,0.88,0.9,1.03,1.07,0.98,1.07,0.98,1.07,1.11,1.13,1.1,1.17,1.1,1.09,1.05,1.03,1.01,1.04,0.83,0.79,1.3,1.35,1.4,1.36,1.34,1.5,1.52,1.15,1.16,1.15,1.14,1.15,1.16,1.39,1.31,1.25,1.19,1.2,1.23,1.25,1.02,1.06,1.02,1.04,1.04,1.03,0.96,1,0.95,0.99,0.99,0.95,0.9,1.01,0.96,0.95,0.92,1.09,1.15,1.14,1.03,1.05,1.07,1.07,0.93,0.92,0.94,0.99,1.02,1.02,1.03,1.03,1.04,1.06,1.06,1.04,1.03,1.05,1.07,1.09,1.08,0.88,1.02,1.02,0.9,0.87,0.87,0.92,1.11,0.98,0.98,1.09,1.11,1.05,0.99,1.05,1.02,1.02,1.04,1.04,1.04,1.06,1.05,1.04,1.05,1.06,1.09,1.12,1.12,1.15,1.15,1.13,1.12,1.34,1.28,1.2,1.11,1.1,1.09,1.03,0.87,0.92,0.98,1.04,1.03,1.02,1.09,1.1,1.1,1.09,1.13,1.19,1.19,1.2,1.2,1.21,1.21,1.19,1.14,1.11,1.08,1.03,1.06,1.08,1.08,1.04,1.09,1.1,1.17,1.14,1.18,1.23,1.2,1.14,1.15,1.12,1.17,1.18,1.16,1.16,1.16,1.11,1.11,0.9
18,0,0,0,0,0,0,0,0,0,0,0,0,0,0,0,0,0,0,0,0,0,0,0,0,0,0,0,0,0,0,0,0,0,0,0,0,0,0,0,0,0,0,0,0,0,0,0,0,0,0,12.40353351,11.24319993,4.915292732,8.250902434,6.124795946,4.611354364,3.833347806,3.84882289,3.56,3.61,3.26,2.59,2.27,2.56,2.33,2.16,2.04,1.67,1.64,1.96,2,2.6,2.35,2.27,1.91,1.83,1.6,1.35,1.06,1,0.83,0.85,0.71,0.63,0.63,0.59,0.58,0.59,0.61,0.7,0.73,0.78,0.81,0.78,0.79,0.82,0.77,0.77,0.78,0.77,0.92,0.98,0.96,1,1.05,1.03,1.01,0.84,0.9,0.9,0.85,0.84,0.99,1.22,1.26,1.1,1.11,1.14,1.14,0.99,1.11,1.12,1.04,0.96,1.06,1.02,1.07,0.77,0.63,0.91,1,0.97,1.04,0.98,1.03,1.19,1.06,1.07,0.95,1,1.06,1.05,1.08,1.34,1.3,1.33,1.24,1.32,1.13,0.95,0.83,0.86,0.86,1.11,1.11,1.34,1.65,1.31,1.44,1.42,1.25,1.38,1.38,1.34,1.26,1.25,1.22,1.28,1.2,1.2,1.25,1.43,1.28,1.26,1.21,1.18,1.17,1.09,0.9,1.03,1.15,1.09,1.12,1.1,1.07,1.05,1.09,1.01,0.97,0.9,0.87,0.87,0.89,0.89,0.82,1.03,1.03,1,0.97,0.97,0.92,0.88,0.7,0.7,0.73,0.76,0.8,0.69,0.73,0.71,0.71,0.73,0.72,0.76,0.81,0.86,0.88,1.04,1.01,0.96,0.96,1.04,0.99,1.01,0.94,0.97,1.02,1.02,0.97,0.97,0.89,0.98,0.93,0.92,0.94,0.93,0.98,1.01,0.82,0.84,0.91,0.94,0.87,0.84,0.95,0.97,1.01,0.94,0.95,0.96,0.96,0.92,0.93,0.93,0.98,0.99,0.98,0.98,0.98,1.41,1.36,1.13,1.08,1.12,1.06,1.07,0.78,0.84,0.99,1.01,1,1.03,1.03,1.14,1.13,1.08,1.06,1.01,1.01,1.05,0.99,0.91,0.86,0.88,0.92,0.95,1.02,1.01,1.07,1.16,1.14,1.15,1.14,1.15,0.91,1.53,1.97,1.75,1.7,1.52,1.51,1.61,1.29,1.29,1.22,1.23,1.21,1.2,1.09,0.92
19,0,0,0,0,0,0,0,0,0,0,0,0,0,0,0,0,0,0,0,0,0,0,0,0,0,0,0,0,0,0,0,0,0,0,0,0,0,0,0,0,0,0,0,0,0,0,0,0,0,0,0,0,0,15.25938242,7.583533678,6.088568649,4.645469544,3.33379265,2.48,2.23,2.19,2.05,1.63,1.69,1.5,1.47,1.68,1.72,1.85,1.54,1.45,1.48,1.62,1.37,1.1,0.95,1.04,0.93,0.89,0.74,0.81,0.87,1.1,1.19,1.26,1.23,1.21,1.1,1.08,0.8,0.7,0.66,0.72,0.76,0.83,0.95,1.03,1.06,1.18,1.14,0.94,0.96,1.08,1.1,1.15,0.9,1.42,1.38,1.44,1.2,1.06,1.14,1.11,0.95,1.13,1.03,1.03,1.12,1.2,1.39,1.25,1.03,1.08,1.18,1.18,0.9,0.95,0.86,1.05,0.99,0.87,0.86,1.02,0.77,0.75,0.72,0.93,0.87,0.86,0.78,1.08,0.97,1.05,0.82,1.07,1.04,0.95,0.75,0.97,1.02,0.86,0.71,0.76,0.93,1.29,1.04,0.87,1.34,1.37,1.37,1.37,1.09,1.05,1.17,0.8,0.79,0.76,0.7,0.71,0.82,0.52,0.77,0.79,0.78,0.77,0.77,0.99,1.08,0.79,1.15,1.1,1.07,1.02,0.89,0.83,1.27,0.91,0.94,1.09,1.13,1.12,1.29,0.99,0.92,0.93,0.86,0.76,0.76,0.68,0.68,0.71,0.7,0.78,0.98,1.1,1.29,1.34,1.46,1.5,1.41,1.28,1.24,1.2,1.11,1.02,0.99,0.98,1.03,0.96,0.77,1.01,1.14,1.19,1.02,1.27,1.2,1.35,1.07,0.93,0.88,1,0.79,0.89,0.96,1.06,0.95,1.2,1.2,1.12,1.16,1.06,1.11,1.23,1.12,1.09,1.17,1.04,0.89,0.93,0.88,0.88,1.04,1.03,1.11,1.1,1.07,1.12,1.02,0.94,0.92,0.89,1.04,0.81,0.83,1.04,1.04,0.96,0.97,1.02,1.2,1.16,0.98,0.8,1.06,1.1,1.11,0.91,1.35,1.45,1.67,1.55,1.62,1.63,1.46,1.36,1.42,1.48,1.56,1.56,1.51,1.5,1.47,1.38,1.27,1,1.23,1.19,1.2,1.13,1.17,1.15,1.29,1.07,1.04,1.09,1.08,1.07,1.11,0.93,0.94
20,0,0,0,0,0,0,0,0,0,0,0,0,0,0,0,0,0,0,0,0,0,0,0,0,0,0,0,0,0,0,0,0,0,0,0,0,0,0,0,0,0,0,0,0,0,0,0,0,0,3.203209551,1.811903837,1.491743809,1.31632457,4.409126429,4.765114663,4.952151988,3.962305911,3.835238614,2.64,2.56,2.84,2.04,1.88,2.86,3.1,2.36,2.36,2.27,2.68,2.06,1.79,1.7,1.9,1.79,2.05,1.71,2.11,1.98,1.85,1.45,1.39,1.37,1.33,1.1,1.08,1.06,1.04,1.03,1.05,1.04,1.03,1.07,1.08,1.06,1.14,1.19,1.18,1.17,1.12,1.24,1.2,1.13,1.13,1.11,1.13,0.97,1.05,1.2,1.18,0.98,0.96,0.92,1.08,0.91,0.9,0.89,0.79,1.12,1.14,1.13,1.08,1.07,1.05,1.15,0.83,0.83,0.86,0.94,0.96,0.96,0.93,0.98,1.01,0.94,0.89,0.86,0.83,0.84,0.81,0.79,0.8,0.74,0.77,0.79,0.81,0.81,0.85,0.76,0.77,0.73,0.75,0.78,0.83,0.79,0.89,0.93,0.92,0.93,1.01,0.98,1,1.02,1.1,1.1,1.07,0.98,1.04,1.08,1.09,1.05,1.1,1.2,1.22,1.26,1.29,1.25,1.26,1.27,1.28,1.25,1.22,1.14,1.1,1.12,1.19,1.11,1.19,1.11,1.11,1.12,1.14,1.07,1.08,1.02,1.02,0.98,0.93,0.88,0.85,0.88,0.88,0.88,0.9,0.96,0.96,0.97,0.9,0.87,0.87,0.87,0.85,0.87,0.85,0.89,0.93,0.91,0.93,0.95,0.94,0.96,0.94,0.93,1,1.01,1.04,1.1,1.12,1.1,1.16,1.07,1.02,0.96,0.92,0.94,0.96,0.92,0.99,1.08,1.1,1.06,1.02,0.97,0.94,0.88,0.83,0.82,0.86,0.87,0.9,0.94,0.98,1,1.09,1.12,1.1,1.09,1.07,1.05,1.05,1.03,1.03,1.03,1.05,1.04,1.05,1.08,1.03,1.03,1.06,1.04,1.03,1.05,1.02,1.04,1.02,1.01,1.07,1.08,1.13,1.15,1.17,1.18,1.18,1.15,1.17,1.11,1.14,1.15,1.23,1.26,1.24,1.26,1.29,1.32,1.29,1.26,1.3,1.32,1.28,1.29,1.26,1.32,1.29,1.27,1.23,1.16,1.09,1.1,1.04,1.03
21,0,0,0,0,0,0,0,0,0,0,0,0,0,0,0,0,0,0,0,0,0,0,0,0,0,0,0,0,0,0,0,0,0,0,0,0,0,0,0,0,0,0,0,0,0,0,12.61612356,5.823414456,10.00090298,5.498219302,3.383785389,2.209942188,1.673833656,1.9480339,2.095142889,1.326129658,1.497706383,1.888880562,2.31,2.69,2.51,2.39,3.11,4.11,3.9,3.65,3.4,2.83,2.44,2.11,1.87,1.76,1.68,1.55,1.4,1.37,1.35,1.3,1.38,1.36,1.48,1.47,1.36,1.25,1.21,1.15,1.13,1.01,1,1.01,1.03,1.03,1.08,1.28,1.28,1.21,1.15,1.13,1.11,1.01,0.82,0.8,0.85,0.84,0.82,0.84,0.85,0.84,0.83,0.79,0.79,0.8,0.78,0.82,0.82,0.86,0.89,0.96,0.98,0.97,0.91,0.87,0.8,0.82,0.79,0.76,0.73,0.7,0.71,0.76,0.75,1.39,1.38,1.28,1.18,1.1,1.04,0.97,0.42,0.42,0.44,0.51,0.55,0.56,0.6,0.63,0.67,0.73,0.69,0.67,0.69,0.7,0.78,0.85,0.83,0.84,0.87,0.95,1.04,1.01,0.93,1,0.98,1.02,0.92,0.86,0.92,1,1.01,1.08,1.02,1.07,1.1,1.13,1.17,1.11,1.04,1.08,1.11,1.14,1.13,1.07,1.09,1.12,1.12,1.06,1.07,1.08,1.07,1.16,1.17,1.22,1.24,1.21,1.13,1.2,1.14,1.03,0.98,0.97,0.94,0.98,0.93,0.86,0.91,1.48,1.28,1.23,1.16,1.06,1.07,1.05,0.61,0.66,0.57,0.73,0.84,0.87,0.93,0.96,1.11,1.19,1.04,1.16,1.13,1.12,1.01,1,1.07,1.07,0.86,0.82,0.82,0.94,0.96,0.93,0.91,0.97,1.04,1.06,1.05,1.1,1.11,1.1,1.02,1.1,1.11,1.09,1.05,1.13,1.16,1.24,1.19,1.23,1.28,1.25,1.2,1.17,1.13,1.1,0.99,0.98,0.97,0.96,1.05,1.09,1.08,1.11,1.08,1.05,1.08,1.08,1.11,1.12,1.19,1.21,1.29,1.31,1.32,1.28,1.29,1.27,1.28,1.24,1.19,1.07,1.03,1.08,1.13,1.18,1.25,1.29,1.28,1.33,1.35,1.34,1.31,1.29,1.24,1.24,1.19,1.16,1.13,1.07,1.05,1.08,1.05,1.04,1.06,0.9
22,0,0,0,0,0,0,0,0,0,0,0,0,0,0,0,0,0,0,0,0,0,0,0,0,0,0,0,0,0,0,0,0,0,0,0,0,0,0,0,0,0,0,0,0,0,0,0,0,0,0,0,11.70339309,10.13968254,9.167172196,4.361617773,2.953205558,2.614873778,8.483960291,7.68,5.36,3.95,3.31,3.17,2.95,2.48,2.36,2.34,2.17,2.05,1.92,1.96,1.88,1.83,1.67,1.56,1.46,1.4,1.26,1.15,1.02,0.97,0.9,0.86,0.84,0.83,0.87,0.85,0.82,0.84,0.81,0.79,0.82,0.87,1,0.98,0.97,0.95,0.97,1,0.95,0.9,0.96,0.97,0.94,0.85,0.78,0.75,0.73,0.69,0.7,0.8,0.85,0.81,1,0.97,0.97,1.05,1.14,1.11,1.16,0.96,0.92,0.94,0.87,0.75,0.72,0.72,0.74,0.84,0.82,0.92,0.93,0.93,0.88,0.82,2.63,2.39,1.85,1.58,1.41,1.26,1.19,0.34,0.31,0.31,0.31,0.34,0.41,0.5,0.6,0.81,0.84,0.99,1.04,1.11,1.17,1.16,1.07,1.1,1.09,1.2,1.16,1.19,1.01,1.22,1.23,1.2,1.19,1.26,1.17,1.33,1.2,1.15,1.14,1.12,1.2,1.27,1.25,1.2,1.18,1.16,1.12,1.01,0.95,0.93,0.9,1.02,1.03,1.05,1.12,1.12,1.13,1.14,0.99,1,1,0.94,0.94,0.95,0.96,0.99,0.99,1.01,0.96,1.05,1.06,1.11,1.08,1.05,0.98,1.02,0.9,0.74,0.84,0.94,1.04,1.11,1.13,1.17,1.3,1.13,1.04,0.96,0.93,0.9,0.9,0.97,0.99,0.89,1.04,0.99,1.05,1.09,1.14,1.1,1.07,1.06,1.08,1.03,1.02,0.9,0.87,0.89,0.98,0.99,1.02,1.04,1.08,1.14,1.12,1.05,1.1,1.13,1.09,1.06,1.09,1.07,1.07,1.06,1.05,1.1,1.13,1.16,1.13,1.16,1.17,1.18,1.27,1.32,1.06,1.02,1.34,1.33,1.28,1.18,1.12,1.37,1.31,1.16,1.16,1.24,1.32,1.33,1.28,1.21,1.3,1.28,1.25,1.27,1.25,1.29,1.22,1.25,1.32,1.32,1.28,1.35,1.3,1.22,1.25,1.22,1.15,1.13,1.12,1.1,1.07,1.03,1,0.96,0.81
23,0,0,0,0,0,0,0,0,0,0,0,0,0,0,0,0,0,0,0,0,0,0,0,0,0,0,0,0,0,0,0,0,0,0,0,0,0,0,0,0,0,0,0,0,0,0,0,0,0,0,0,4.024752094,2.632113492,7.432354354,4.694050802,3.339640066,2.64175351,2.467306125,1.86,1.87,2.37,2.15,1.8,1.88,1.78,1.54,1.46,1.49,1.25,1.5,1.37,1.24,1.17,1.22,1.13,1.32,1.19,1.22,1.28,1.21,1.37,1.27,1.18,1.18,1.08,1.15,1.38,1.09,1.27,1.26,1.25,1.12,1.47,1.19,1.37,1.19,1.6,1.76,1.95,1.34,1.56,1.56,1.83,1.35,1.27,1.29,1.75,1.39,1.44,1.06,1.15,1.25,1.02,0.96,0.96,1.02,1.19,1.19,1.04,1.02,1.02,1.19,0.87,0.87,1.05,1.03,1.02,0.96,0.78,1.09,1.02,0.71,0.68,0.82,0.7,1.06,0.83,0.84,0.96,0.99,1.02,0.9,0.69,0.71,0.82,0.83,0.89,0.74,0.93,1.09,1.11,1.01,1.02,0.97,0.97,1.16,0.84,1.03,0.92,0.95,1.19,1.37,1.13,1.08,0.91,1.06,1.15,0.83,1.01,1.1,1.37,1.14,1.32,1.21,1.15,1.16,1.13,1.01,1.18,0.86,1.07,1.2,1.07,1.06,1.13,0.94,1.28,1.08,1.07,1.06,1.04,1.01,1.17,0.84,0.99,0.99,1.02,0.97,1.01,1.02,1.15,0.95,0.81,0.75,0.98,0.95,0.95,0.95,0.88,0.98,1.18,1.02,0.85,1.02,1.07,1.15,1.17,1.11,1.09,1.07,1.16,1.12,1.01,1.13,0.89,1.09,1.09,1,0.99,1.06,0.88,0.96,0.62,0.74,0.79,0.83,0.87,0.84,0.89,1.15,1.3,1.08,1.41,1.36,1.4,1.21,1.35,1.35,1.11,1.02,0.94,0.96,1.08,0.91,0.87,1.27,0.95,1.22,1.08,1.26,1.07,1.06,1.12,1.25,1.14,1.1,0.94,1.08,1.18,1,1.23,1.04,1.13,1.11,1.12,1.04,1.08,0.9,1.06,1.16,1.22,1.29,1.35,1.33,1.28,1.3,1.32,1.36,1.33,1.37,1.36,1.45,1.38,1.33,1.28,1.32,1.25,1.31,1.28,1.31,1.26,1.2,1.16,1.15,1.06,1.03,1,1,1.03,0.86
24,0,0,0,0,0,0,0,0,0,0,0,0,0,0,0,0,0,0,0,0,0,0,0,0,0,0,0,0,0,0,0,0,0,0,0,0,0,0,0,0,0,0,0,0,0,0,0,0,0,0,0,0,0,0,5.600901482,8.529314963,6.751599271,5.582983444,3.32,3.74,4.76,4.06,2.97,2.71,2.39,1.88,1.64,1.65,1.51,1.53,1.39,1.44,1.33,1.26,1.33,1.39,1.24,1.36,1.31,1.24,1.25,1.21,1.13,1.26,1.22,1.13,1.09,1.07,1.24,1.25,1,1.09,1.16,1.13,1.17,1.03,1.04,1.17,0.88,1.09,1.1,1.05,1.07,1.1,1.08,1.06,1.06,1.21,1.12,0.95,0.89,0.88,1.11,0.93,0.94,0.98,0.97,1,1.04,0.96,1.01,1.05,1.08,1.11,1.09,1.1,1.12,1.1,1.11,1.1,1.1,1.07,1.05,1,0.8,0.71,0.85,1.02,0.9,1.12,1,0.99,1.33,1.04,0.98,1.15,1.03,1.01,1,0.6,0.62,0.43,1.21,1.36,1.61,2.08,2.29,2.04,1.91,1.36,1.22,1.22,0.93,1.1,1.07,0.98,0.83,0.91,1.04,1.27,0.84,1.13,1.14,1.29,1.05,1.19,1.16,1.12,1.12,1.24,1.33,1.51,1.21,1.21,1.35,1.21,0.99,0.86,1.02,1.12,0.92,1.02,0.88,1.03,1.09,0.75,0.7,0.85,0.89,0.91,0.84,0.77,0.9,0.91,0.87,0.69,0.85,0.87,1.01,0.9,1.13,1.02,1.17,1.11,1.11,0.9,1.03,0.91,1.01,0.7,0.74,0.86,1.02,0.88,0.9,0.8,0.99,1.07,0.92,0.83,0.95,0.74,0.96,0.9,0.74,0.74,0.85,0.97,1.05,0.8,1.02,1.05,1.06,1.04,0.98,0.99,1.2,0.85,1,1.01,0.88,1.06,1.06,1.03,1.2,1.03,1.02,1.01,0.96,0.92,1.15,1.24,1.19,1.09,1.31,1.24,1.35,1.21,1.11,1.06,1.11,1.03,1,0.93,0.87,0.98,0.99,1.01,1.04,1.07,1.07,1.04,0.96,0.98,0.97,0.93,0.89,1.04,1.09,1.12,1.19,1.19,1.2,1.24,1.13,1.15,1.17,1.16,1.13,1.1,1.12,1.11,1.13,1.18,1.13,1.11,1.05,0.97,1.01,0.94
25,0,0,0,0,0,0,0,0,0,0,0,0,0,0,0,0,0,0,0,0,0,0,0,0,0,0,0,0,0,0,0,0,0,0,0,0,0,0,0,0,0,0,0,0,0,0,0,0,0,0,0,0,0,0,0,5.530585682,6.404226781,4.378186756,7.03,5.12,3.42,4.03,3.89,3.65,3.62,3.21,2.91,2.31,1.93,2.03,1.97,1.82,1.69,1.5,1.36,1.44,1.35,1.28,1.18,1.11,1.11,1.12,1.02,0.99,0.94,0.95,0.9,0.92,0.95,0.9,0.81,0.83,0.83,0.96,0.96,0.98,1.02,1.02,0.96,0.93,0.91,1.02,1.07,1.21,1.21,1.21,1.23,1.1,0.97,0.93,0.74,0.72,0.72,0.72,0.75,0.84,0.82,0.92,1,1.02,0.96,1.04,1.02,1.13,1.13,1.1,1.12,1.16,1.05,1,0.95,0.96,1.07,1.06,1.13,1.17,1.16,1.07,1.04,0.98,1.04,0.97,0.97,1,0.92,1.07,1.11,1.05,1.09,1.14,1.23,1.47,1.23,1.28,1.26,1.34,1.37,1.26,1.15,1.24,1.22,1.21,1.08,1.07,1.07,1.02,0.99,1.08,1.14,1.27,1.26,1.23,1.2,1.16,1.16,1.21,1.15,1.16,1.24,1.32,1.27,1.25,1.27,1.39,1.45,1.41,1.36,1.35,1.35,1.34,1.31,1.22,1.11,1.01,0.99,0.93,0.86,0.78,0.75,0.68,0.83,0.88,0.88,0.95,1,1.07,1.22,1.13,1.11,1.06,1,0.97,0.94,0.97,0.94,0.92,0.92,0.95,1.03,1.05,1.04,1.11,1.12,1.14,1.12,1.08,1.08,1.15,1.1,1.06,1.01,0.99,0.96,0.96,0.97,1.01,1.06,1.12,1.08,1.13,1.13,1.04,1,1,0.98,1.02,0.98,1,1.03,1.04,0.89,0.93,0.93,0.98,0.94,0.95,0.95,1.07,1.03,0.99,0.96,1.02,1.37,1.2,1.04,0.9,1.23,1.24,1.41,1.05,1,1.11,1.21,0.93,0.92,0.73,1,1.16,1.03,1.03,1.07,1.16,1.41,1.16,0.99,1.15,1.17,1.18,1.17,1.31,1.12,1.3,1.28,1.32,1.32,1.29,1.29,1.38,1.14,1.1,1.12,1.11,1.08,0.87,1.05,1.06,1.03,0.96,0.95,0.96
26,0,0,0,0,0,0,0,0,0,0,0,0,0,0,0,0,0,0,0,0,0,0,0,0,0,0,0,0,0,0,0,0,0,0,0,0,0,0,0,0,0,0,0,0,0,0,0,0,0,0,0,0,0,0,0,4.75737995,3.002799779,2.703583021,2.93,2.94,2.33,2.02,2.06,2.49,2.87,2.99,2.7,2.42,2.01,1.75,1.58,1.33,1.12,1.01,0.94,1,0.96,0.92,0.91,0.79,0.76,0.78,0.68,0.67,0.63,0.61,0.66,0.62,0.54,0.59,0.59,0.51,0.46,0.52,0.51,0.48,0.48,0.48,0.41,0.47,0.53,0.67,0.61,0.51,0.58,0.64,0.83,0.89,0.69,0.47,0.68,0.73,1.35,1.52,1.44,1.67,1.83,1.49,2.29,1.67,1.17,1.1,0.91,0.75,0.79,0.14,0.73,1.61,2.88,2.41,2.64,2.59,2.12,2.01,1.44,0.98,0.94,0.88,0.68,0.81,0.67,1.07,1.55,1.48,1.74,1.64,1.74,1.41,1.7,1.82,1.87,1.37,1.39,1.44,1.68,1.44,1.23,1.02,1.48,1.61,1.59,1.6,1.51,1.29,1.36,1.34,1.07,1.29,1.34,1.48,1.43,1.45,1.55,1.43,1.28,1.54,1.47,1.35,1.28,1.05,1.14,1.09,0.97,0.96,1.23,1.19,1.12,0.97,1.21,1.08,1.11,0.85,0.88,0.99,1.15,0.93,0.99,0.96,1.13,1.06,0.99,0.84,1.04,0.99,0.97,0.8,0.89,0.99,1.09,0.73,0.74,0.94,0.98,1.05,1.04,1.13,1.35,1.14,0.94,1.1,1.13,1.08,1.08,1.1,1.29,1.24,1.06,0.98,0.98,0.94,0.74,0.87,0.76,1.08,0.92,0.92,0.9,1.09,0.97,1.52,1.5,1.52,1.43,1.48,1.42,1.41,1.23,1.2,1.06,1.07,1.08,1.22,1.31,1.31,1.29,1.37,1.22,1.32,1.24,1.1,1.13,1.41,1.32,1.41,1.24,1.3,1.35,1.34,0.94,1.02,1.02,1.05,1.01,0.97,1.15,1.18,1.15,1.15,1.13,1.13,1.1,0.93,1.1,1.14,1.11,1.11,1.1,1.11,1.11,1.07,1.07,1.06,0.98,1.01,1.03,1.02,1.05,1.15,1.22,1.26,1.25,1.23,1.21,1.2,1.1,1.05,1.01,0.97,0.96,0.95
27,0,0,0,0,0,0,0,0,0,0,0,0,0,0,0,0,0,0,0,0,0,0,0,0,0,0,0,0,0,0,0,0,0,0,0,0,0,0,0,0,0,0,0,0,0,0,0,0,0,0,0,0,0,2.910059534,2.091699402,2.012485998,2.206445719,1.44315119,2.06,2.07,1.76,1.61,1.34,1.43,1.64,1.66,1.93,1.79,2.08,2.36,2.38,2.34,2.05,1.86,1.83,1.72,1.7,1.54,1.44,1.48,1.43,1.55,1.46,1.23,1.17,1.27,1.22,1.39,1.49,1.62,1.57,1.48,1.66,1.82,1.82,1.7,1.64,1.41,1.53,1.54,1.57,1.53,1.4,1.34,1.4,1.28,1.17,1.15,1.08,0.96,0.89,0.82,0.86,0.85,0.77,0.82,0.87,0.91,0.98,0.95,0.94,0.89,0.85,0.88,0.87,0.92,0.98,0.99,1.08,1.03,1.05,1.05,1.04,0.98,0.96,0.89,0.86,0.82,0.78,0.73,0.7,0.77,0.77,0.78,0.82,0.86,0.93,1,0.93,0.92,0.93,0.95,0.98,0.95,0.9,0.85,0.87,1.03,1.06,1.05,1.04,1.04,1.05,1.06,0.98,0.95,0.93,0.96,1.06,1.11,1.04,1.08,1.13,1.21,1.31,1.29,1.19,1.19,1.07,0.99,1.01,1.02,1.04,1.16,1.23,1.25,1.28,1.22,1.12,1.07,1.05,1.08,1.05,1.08,1.06,1.02,1.03,1.02,0.94,0.92,0.87,0.89,0.97,0.93,0.99,1.02,1.08,1.05,1,0.95,0.96,0.9,0.89,0.85,0.86,0.87,0.91,1.04,1.09,1.11,1.19,1.27,1.27,1.2,1.17,1.18,1.07,0.96,0.86,0.8,0.92,0.96,0.97,1.12,1.17,1.15,1.29,1.16,1.12,1.1,1.08,1.12,1.18,1.09,1.09,1.08,1.05,1.02,1.02,1.08,1.15,1.15,1.13,1.16,1.24,1.2,1.13,1.08,1.06,1.08,1.07,0.84,1.03,1.27,1.24,1.25,1.26,1.27,1.5,1.31,1.12,1.12,1.07,1.04,1.03,1.01,1.02,0.99,0.98,1.03,1.08,1.18,1.2,1.22,1.23,1.22,1.25,1.29,1.29,1.37,1.36,1.34,1.32,1.31,1.27,1.25,1.16,1.13,1.08,1.19,1.16,1.17,1.14,1.1,1.04,1.01,0.9,0.88,0.87,0.9
28,0,0,0,0,0,0,0,0,0,0,0,0,0,0,0,0,0,0,0,0,0,0,0,0,0,0,0,0,0,0,0,0,0,0,0,0,0,0,0,0,0,0,0,0,0,0,0,0,0,0,3.344213972,2.428767674,1.715857858,2.049090342,5.392059376,4.369851061,3.034101278,3.174492231,2.75,2.96,2.71,2.33,2.06,1.96,2.8,2.58,2.25,2.24,2,1.72,1.7,1.45,1.26,1.32,1.14,1.07,1.12,1.17,1.09,1.14,1,1.03,1.04,1.01,0.9,0.88,0.98,0.98,0.95,0.92,0.92,0.96,0.99,0.98,1.03,0.99,0.97,0.99,0.93,0.91,0.96,0.91,0.98,0.98,0.96,0.94,0.94,0.82,0.92,0.9,0.89,0.99,1.04,1.02,1.03,0.88,1.06,1.06,1,1.07,1.06,1.04,1.38,1.17,1.18,1.12,1.06,1.06,1.05,0.87,0.9,0.9,0.95,0.97,1.01,1.1,1.12,1.18,1.24,1.27,1.23,1.28,1.28,1.31,1.25,1.16,1.21,1.22,1.15,1.22,1.4,1.36,1.38,1.34,1.33,1.36,1.26,1.37,1.49,1.51,1.4,1.37,1.31,1.38,1.23,1.16,1.07,1.11,1.07,1.03,1.03,0.99,1.03,1.09,1.12,1.15,1.28,1.3,1.3,1.27,1.21,1.12,1.12,1.07,0.87,0.97,0.95,0.96,1.01,0.97,0.96,1.12,0.99,1,1,0.98,0.96,0.92,0.89,0.89,0.87,0.85,0.81,0.82,0.81,0.89,0.91,0.91,0.92,0.96,0.95,0.95,0.92,0.89,0.88,0.84,0.81,0.81,0.84,0.81,0.83,0.85,0.85,0.88,0.9,0.86,0.85,0.81,0.86,0.9,0.83,0.83,0.84,0.78,0.82,0.78,0.78,0.76,0.93,0.99,1.12,1.07,0.9,1.08,1.2,1.19,1.17,1.12,1.21,1.32,1.19,1.18,1.11,1.09,1.16,1.11,1.08,1.02,1.03,1.04,1.05,1.04,1.11,1.09,1.14,1.12,1.1,1.13,1.09,1.11,1.14,1.12,1.13,1.1,1.1,1.1,1.12,1.15,1.1,1.09,1.09,1.12,1.18,1.11,1.05,1.06,1.08,1.15,1.16,1.18,1.27,1.3,1.28,1.26,1.2,1.17,1.17,1.18,1.13,1.19,1.2,1.2,1.25,1.19,1.12,1.17,1.17,1.22,1.29,1.24
29,0,0,0,0,0,0,0,0,0,0,0,0,0,0,0,0,0,0,0,0,0,0,0,0,0,0,0,0,0,0,0,0,0,0,0,0,0,0,0,0,0,0,0,0,0,0,0,0,0,0,0,0,0,2.793722392,3.314932304,3.945629362,4.469617214,3.282186663,2.94,2.61,2.21,2.3,1.82,1.83,1.84,1.84,1.79,1.89,1.92,2.01,1.84,1.8,1.72,1.73,1.54,1.34,1.17,1.09,0.96,0.97,0.87,0.91,0.89,1.03,1.06,1.18,1.18,1.17,1.12,1.14,1.04,1.15,1.15,1.05,1.06,1.11,1.14,1.17,1.02,1.02,1.26,1.34,1.29,1.21,1.11,1.18,1.16,1.02,0.92,0.88,0.92,0.99,0.93,0.9,0.88,0.95,0.93,0.89,0.88,1.07,1.05,1.03,0.99,1.03,1.01,0.94,0.78,0.86,0.95,0.92,1.03,1.01,1.07,1.04,0.99,0.93,0.96,0.8,0.83,0.84,0.86,0.78,0.72,0.71,0.75,0.77,0.71,0.83,0.82,0.7,0.82,0.89,0.87,0.87,0.7,0.85,0.89,0.75,1.03,1.05,1.1,1.05,0.93,0.93,0.95,0.78,0.82,0.84,0.87,0.9,1.04,1.03,0.97,0.95,0.99,1.01,1.04,1.09,1.01,0.91,1.11,1.05,1.1,1.07,1.23,1.3,1.27,0.99,1.19,1.07,1.09,0.98,0.93,0.93,1.04,0.93,0.99,0.97,0.96,1.01,0.97,0.89,0.84,0.87,0.95,1,0.89,0.87,0.93,0.9,0.88,0.78,0.67,0.75,0.84,0.97,1.01,0.95,1.11,1.12,1.16,1.08,1.01,1.05,1.06,1.07,1.05,1.21,1.28,1.28,1.19,1.2,1.25,1.34,1.14,1.2,1.1,1.14,1.15,1.03,1.01,1.11,1.03,0.96,0.98,0.92,0.95,0.93,0.85,0.97,1.13,1.06,1.11,1.15,1.85,1.8,1.56,1.37,1.33,1.33,1.31,0.96,1.05,1.06,1.11,1.13,1.11,1.08,1.05,1.02,1.04,1.01,1.03,1.06,1.05,1.09,1.11,1.12,1.13,1.18,1.19,1.22,1.17,1.24,1.25,1.24,1.17,1.13,1.24,1.29,1.26,1.32,1.35,1.35,1.37,1.34,1.44,1.45,1.41,1.39,1.32,1.34,1.36,1.3,1.27,1.18,1.16,1.14,1.09,0.88
30,0,0,0,0,0,0,0,0,0,0,0,0,0,0,0,0,0,0,0,0,0,0,0,0,0,0,0,0,0,0,0,0,0,0,0,0,0,0,0,0,0,0,0,0,0,0,0,0,3.963352922,4.138427395,3.174968483,2.149315135,2.430365764,4.644585602,5.649693568,4.715757936,4.475193316,4.88019469,3.55,3.46,3.38,3.43,3.03,2.52,2.94,2.84,2.57,2.29,2.16,1.9,1.88,1.68,1.63,1.57,1.47,1.34,1.3,1.19,1.15,1.07,1.02,1.03,0.98,1.02,0.98,1.01,1,0.97,0.98,1.02,0.99,1.04,1.03,0.99,1,0.99,0.93,0.9,0.87,0.82,0.86,0.86,0.86,0.86,0.87,0.84,0.83,0.82,0.8,0.74,0.77,0.71,0.72,0.72,0.72,0.72,0.75,0.83,0.89,0.98,0.99,1,0.91,0.9,0.83,0.81,0.78,0.75,0.85,0.94,0.93,0.88,0.89,0.86,0.87,0.75,0.75,0.69,0.71,0.69,0.75,0.8,0.72,0.73,0.78,0.79,0.84,0.79,0.8,0.85,0.85,0.89,0.94,0.95,0.91,0.89,0.91,0.9,0.92,0.86,0.91,0.99,1.06,1.05,1.04,1.06,1.11,1.03,0.97,0.88,0.88,0.92,0.93,0.95,1.03,1.13,1.11,0.93,0.9,0.75,0.75,0.74,0.8,0.85,1.15,1.3,1.55,1.56,1.5,1.39,1.26,1.27,1.15,1.04,0.96,0.91,0.88,0.96,0.86,0.88,0.91,0.93,0.98,1.03,1.14,1.2,1.13,0.97,0.98,0.95,0.9,0.71,0.64,0.74,0.91,0.9,0.91,0.91,1.03,1.07,1.03,1.03,1.09,1.09,1.08,1.09,1.11,1.08,1.07,1.04,1.01,1.01,1.03,1.03,1.08,1.06,1.04,1.1,1.11,1.14,1.11,1.09,1.13,1.12,1.09,1.07,1.05,1.06,1.14,1.19,1.2,1.16,1.21,1.17,1.18,1.19,1.12,1.08,1.09,1.03,1.17,1.17,1.11,1.11,1.07,1.12,1.18,1.08,1.04,1.04,1.13,1.23,1.19,1.15,1.14,1.14,1.25,1.18,1.13,1.18,1.22,1.22,1.27,1.15,1.16,1.14,1.12,1.17,1.17,1.14,1.26,1.23,1.23,1.31,1.29,1.31,1.31,1.3,1.36,1.28,1.21,1.19,1.17,1.14,1.12,1.06,1.1,1.09,1.07,1.06
31,0,0,0,0,0,0,0,0,0,0,0,0,0,0,0,0,0,0,0,0,0,0,0,0,0,0,0,0,0,0,0,0,0,0,0,0,0,0,0,0,0,0,0,0,0,0,0,0,0,0,0,0,0,6.459824938,5.014722509,3.366524897,2.524848724,2.336073266,2.39,2.55,1.97,2.1,2.2,2.02,2.04,2.53,2.14,2,1.95,1.8,1.81,1.69,1.7,1.66,1.71,1.6,1.69,1.59,1.67,1.52,1.45,1.31,1.3,1.13,1.1,1.05,1.05,1.05,0.99,1.03,1.09,1.18,1.25,1.24,1.27,1.24,1.14,1.17,1.26,1.24,1.15,1.19,1.21,1.25,1.16,1.03,1.01,1.08,0.96,0.93,0.96,1,1,0.95,0.93,1.02,1.03,0.98,0.93,0.92,0.94,0.95,0.94,1.01,0.94,0.96,0.96,0.92,0.91,0.88,0.81,0.86,1.03,1.04,1.16,1.36,1.31,1.31,1.25,1.02,1.01,0.92,0.77,0.76,0.76,0.79,0.88,0.9,0.89,0.85,0.96,1.02,1.04,1.1,1.12,1.23,1.32,1.31,1.29,1.27,1.22,1.15,1.14,1.14,1.17,1.14,1.17,1.17,1.25,1.2,1.18,1.1,1.11,1.09,1.07,1.07,1.1,1.09,1.1,1.07,1.04,1.07,1.05,1.06,1.05,1.05,1.05,1.15,1.12,1.11,1.05,0.99,0.93,0.91,0.76,0.75,0.72,0.73,0.77,0.78,0.81,0.86,0.88,0.87,0.87,0.88,0.9,0.85,0.84,0.77,0.79,0.86,0.86,0.95,0.96,0.96,0.95,0.99,0.98,0.96,0.89,0.92,0.93,0.99,0.95,0.97,0.94,0.96,0.92,0.89,0.83,0.77,0.75,0.85,0.82,0.91,1,1.08,1.12,1.1,1.1,1.17,1.1,1.1,1.11,1.19,1.25,1.34,1.32,1.34,1.3,1.29,1.29,1.22,1.22,1.24,1.21,1.17,1.22,1.28,1.32,1.34,1.37,1.33,1.36,1.3,1.29,1.34,1.39,1.34,1.32,1.29,1.29,1.3,1.23,1.16,1.19,1.25,1.25,1.19,1.11,1.16,1.17,1.08,1.04,1.05,1.14,1.19,1.12,1.14,1.23,1.27,1.3,1.25,1.26,1.32,1.25,1.17,1.1,1.05,1.13,1.26,1.43,1.53,1.53,1.51,1.46,1.34,1.18,0.99
32,0,0,0,0,0,0,0,0,0,0,0,0,0,0,0,0,0,0,0,0,0,0,0,0,0,0,0,0,0,0,0,0,0,0,0,0,0,0,0,0,0,0,0,41.87122799,14.25354948,6.079411887,3.158358496,9.26109294,5.192611497,3.326522904,3.02727798,2.477734266,2.177786787,2.302716539,1.814034455,2.484590969,3.017693551,3.774509791,4.42,4.55,4.31,3.93,3.24,2.7,2.4,2.19,1.97,1.74,1.55,1.47,1.42,1.38,1.36,1.33,1.28,1.81,1.51,1.41,1.32,1.22,1.14,1.08,0.67,0.78,0.77,0.76,0.74,0.76,0.78,0.81,0.78,0.77,0.77,0.83,0.99,1,0.98,0.96,0.95,0.92,0.85,0.68,0.64,0.66,0.7,0.7,0.73,0.75,0.74,0.75,0.75,0.76,0.78,0.77,0.76,0.8,0.81,0.83,0.89,0.89,0.89,0.9,0.9,0.89,0.92,0.87,0.84,0.82,0.8,0.77,0.77,0.78,0.87,0.92,0.9,0.91,0.91,0.87,0.85,0.78,0.74,0.73,0.73,0.72,0.77,0.78,0.81,0.84,0.85,0.88,0.89,0.9,0.93,0.94,0.99,1.04,1.06,1.06,1.05,1.02,1.01,1.02,1.04,1.05,1.05,1.03,1.05,1.06,1.08,1,0.99,1.02,1.03,1.04,1.15,1.15,1.15,1.1,1.05,0.99,0.96,0.92,0.89,0.92,0.93,0.96,1.01,1.05,0.99,1.01,1.03,1.01,1.02,1,0.99,1.03,1,0.96,0.97,0.95,0.96,0.94,0.94,0.94,0.92,0.93,0.94,0.96,0.95,0.95,0.98,1,1.03,1.04,1.03,1.03,1.04,1.01,1.07,1.03,1.01,1.06,1.13,1.13,1.16,1.16,1.19,1.21,1.17,1.1,1.03,0.99,0.94,0.97,0.98,1,1,1.04,1.05,1.09,1.02,0.99,0.99,0.99,0.97,0.97,0.97,1,1.03,1.03,1.07,1.14,1.17,1.23,1.31,1.37,1.33,1.25,1.21,1.21,1.22,1.16,1.09,1.06,1.07,1.06,1.04,1,1.01,1.02,1.04,1.02,1,1.07,1.09,1.07,1.11,1.12,1.13,1.17,1.14,1.15,1.16,1.13,1.14,1.14,1.14,1.12,1.15,1.19,1.27,1.29,1.32,1.36,1.43,1.42,1.43,1.4,1.3,1.22,1.18,1.16,1.13,1.09,1.09,1.13,1.2,1.16,1.15,1.17
33,0,0,0,0,0,0,0,0,0,0,0,0,0,0,0,0,0,0,0,0,0,0,0,0,0,0,0,0,0,0,0,0,0,0,0,0,0,0,0,0,0,0,0,0,0,0,0,0,0,0,4.120083492,3.839313123,3.979029919,3.738534818,2.53910436,2.0072403,2.723197258,3.330073691,3.43,3.19,3.14,2.68,2.72,2.57,2.41,2.2,2.12,2.12,1.93,1.76,1.49,1.5,1.49,1.49,1.31,1.34,1.38,1.38,1.24,1.19,1.2,1.16,1.13,1.01,0.94,1.01,1.09,1.01,1.08,1.06,1.03,1.11,1.12,1.12,1.24,1.12,1.1,1.19,1.2,1.23,1.16,1.12,1.07,1,0.99,1.03,1.06,1.07,1.02,1.1,1.12,1.06,1.03,1.04,1.08,1.18,1.19,1.22,1.28,1.21,1.16,1.15,1.18,1.13,1.15,1,1,1.01,1.08,1.09,1.16,1.12,1.18,1.22,1.25,1.23,1.21,1.16,1.16,1.13,1.11,1.1,1.15,1.13,1.17,1.14,1.11,1.08,1.07,1.03,1.04,1.03,1,1.01,1.09,1.04,1.03,1.04,1.06,1.1,1.12,1.11,1.15,1.17,1.1,1.04,1.05,1.05,1,1.04,1.02,1.11,1.15,1.14,1.16,1.16,1.13,1.1,1.08,1.05,1,0.98,1.01,0.99,1,0.97,0.96,1,1,0.97,1.01,1,0.97,0.96,0.94,0.94,0.9,0.89,0.88,0.92,0.96,0.9,0.86,0.9,0.91,0.9,0.89,0.89,0.9,0.94,0.95,0.97,1.07,1.08,1.07,1.15,1.14,1.12,1.1,1.02,1,1.04,1.03,1.09,1.06,1.01,1.06,1.04,0.95,0.93,0.83,0.83,0.82,0.8,0.83,0.87,0.89,0.96,1,1.04,1.03,0.99,1.01,0.99,1,0.99,1.01,1.03,1.08,1.07,1.06,1,1.04,1.08,1.07,1.1,1.01,1.14,1.18,1.16,1.14,1.13,1.11,1.17,1.06,1.05,1.06,1.05,1.09,1.06,1.09,1.06,1.03,1.02,1,1,1.04,1,1.03,1.07,1.08,1.1,1.09,1.08,1.08,1.04,1.04,1.04,1.03,1.03,1.02,1.01,1.02,1.03,1.07,1.06,0.98,1.05,1.1,1.11,1.13,1.11,1.16,1.23,1.16,1.18,1.16,1.11,1.12,0.91
34,0,0,0,0,0,0,0,0,0,0,0,0,0,0,0,0,0,0,0,0,0,0,0,0,0,0,0,0,0,0,0,0,0,0,0,0,0,0,0,0,0,0,0,0,0,0,0,0,0,0,0,0,0,0,0,0,0,7.833558114,5.74,3.43,2.43,1.98,1.69,1.72,1.57,1.5,2.12,1.89,1.81,1.8,1.78,1.53,1.42,1.13,1.27,1.3,1.17,1.06,1.09,1.02,1.03,0.97,1.02,1.01,1.09,1.18,1.49,2.04,2.1,1.87,1.6,1.46,1.33,1.21,1.02,1.02,1.13,1.23,1.2,1.17,1.13,1.07,0.97,0.84,0.84,0.91,0.98,1.04,1.02,0.98,0.96,1,1.07,1.12,1.08,1.21,1.25,1.21,1.18,1.21,1.34,1.36,1.18,1.13,1.11,0.95,0.77,0.6,0.53,0.55,0.53,0.62,0.76,0.87,0.86,0.88,1.06,1.16,1.02,1,1.03,1.07,1.05,0.92,0.84,0.87,0.9,0.93,0.9,0.91,0.85,0.94,0.98,0.92,0.93,0.96,0.95,1.02,1.02,1.11,1.24,1.19,1.19,1.31,1.33,1.24,1.14,1.14,1.22,1.37,1.35,1.35,1.41,1.5,1.55,1.47,1.38,1.33,1.28,1.23,1.13,1.14,1.14,1.1,1.09,1.1,1.08,1.15,1.04,0.96,1.01,1.03,0.93,0.95,0.95,1.01,1.07,1.04,1.08,1.11,1.08,1.08,1.02,1.1,1.09,1,1.05,0.99,0.95,1.06,1.13,1.2,1.3,1.24,1.23,1.26,1.24,1.23,1.23,1.26,1.1,1.2,1.13,1.11,1.11,1.1,1.07,1.22,1.1,1,0.98,0.96,0.91,0.98,1.06,1.1,1.17,1.16,0.95,1.27,1.2,1.11,1.09,1.08,1.15,1.32,1.08,1.08,1.06,1.03,1.08,1.06,1.01,1.01,0.99,1.02,1.04,1.06,1.07,1.11,1.15,1.17,1.21,1.21,1.17,1.18,1.19,1.2,1.2,1.17,1.17,1.25,1.16,1.15,1.12,1.13,1.12,1.07,1.02,1.06,1.11,1.18,1.23,1.23,1.25,1.23,1.23,1.21,1.22,1.19,1.14,0.98,1.07,1.06,1.07,1.02,1.09,1.05,1.16,1.03,1.04,0.99,0.98,0.91,0.94,0.91,0.92,0.91,0.88,0.83
35,0,0,0,0,0,0,0,0,0,0,0,0,0,0,0,0,0,0,0,0,0,0,0,0,0,0,0,0,0,0,0,0,0,0,0,0,0,0,0,0,0,0,0,0,0,0,0,0,0,0,0,0,0,12.36948581,8.23802155,4.812610422,3.798290288,3.3818154,3.44,3.62,3.3,2.94,2.75,2.58,2.44,2.49,2.37,2.11,1.99,1.83,1.76,1.7,1.59,1.52,1.41,1.36,1.3,1.23,1.17,1.11,1.05,1.02,1.03,1.01,1.07,1.16,1.27,1.5,1.79,1.87,1.75,1.49,1.33,1.18,1,0.79,0.63,0.59,0.67,0.76,0.87,0.96,1.03,1.09,1.09,1.09,1.03,1.06,1.07,1.01,1.03,1.02,0.99,1,0.94,0.9,0.93,0.86,0.93,0.95,0.99,1.01,1.03,1.04,1.09,1.04,1.01,0.94,0.95,0.92,0.93,0.92,0.9,0.91,0.93,0.89,0.88,0.87,0.86,0.85,0.89,0.89,0.89,0.94,0.93,0.97,1.02,1.02,1.12,1.17,1.18,1.22,1.27,1.26,1.27,1.26,1.3,1.3,1.3,1.23,1.2,1.24,1.27,1.23,1.19,1.16,1.13,1.13,1.13,1.08,1.12,1.16,1.19,1.21,1.19,1.15,1.13,1.12,1.11,1.06,1.04,1.01,1.03,1.04,1.02,1,0.98,0.97,1,0.99,1.02,1.02,0.96,0.97,0.95,0.94,0.93,0.88,0.86,0.92,0.94,0.95,0.95,0.99,1,0.99,0.97,0.94,0.94,0.92,0.87,0.88,0.89,0.91,0.94,0.96,0.97,1,1.02,1.06,1.06,1.1,1.09,1.15,1.14,1.12,1.1,1.09,1.05,0.92,0.92,0.91,0.9,0.9,0.91,0.93,1.1,1.04,1.04,1.02,0.98,0.94,0.94,0.92,0.89,0.89,0.89,0.94,0.98,0.99,1.02,1.08,1.1,1.13,1.16,1.13,1.12,1.1,1.11,1.13,1.13,1.14,1.14,1.15,1.16,1.14,1.17,1.2,1.19,1.23,1.21,1.19,1.2,1.18,1.15,1.15,1.16,1.18,1.16,1.16,1.14,1.18,1.22,1.18,1.19,1.19,1.24,1.26,1.27,1.26,1.31,1.29,1.29,1.3,1.29,1.29,1.32,1.3,1.32,1.31,1.25,1.19,1.16,1.13,1.1,1.08,1.15,1.16,1.21,1.02
36,0,0,0,0,0,0,0,0,0,0,0,0,0,0,0,0,0,0,0,0,0,0,0,0,0,0,0,0,0,0,0,0,0,0,0,0,0,0,0,0,0,0,0,0,0,0,0,0,0,0,0,0,0,0,0,3.893663887,4.687128038,4.809379157,2.88,2.22,2.14,2.16,2.17,3.95,3,2.93,2.62,2.57,1.93,1.82,1.69,1.88,1.73,1.76,1.52,1.49,1.46,1.18,1.11,1.08,0.93,0.94,0.98,0.98,0.99,0.91,0.91,0.97,0.88,0.87,0.87,0.95,1,1.01,0.96,1.01,0.93,0.94,0.92,0.96,1.02,1.07,1.16,1.21,0.98,1.09,0.88,0.69,0.75,1.01,0.92,0.91,1.2,1.38,1.49,1.19,1.39,1.32,1.43,0.98,0.92,0.8,0.86,0.53,0.78,0.78,0.93,0.9,1.12,1.13,0.88,0.73,0.7,0.87,1.04,1.01,1.12,1.11,1.22,1.2,1,1.03,1.04,1.09,1.96,1.62,1.52,1.56,1.51,1.66,1.67,1.29,1.48,1.39,1.16,1.59,1.27,1.19,1.13,1.01,1.01,1.26,0.9,0.88,1.31,1.22,1.15,1.19,1.22,1.28,1.43,1.24,1.17,1.17,1.15,1.13,1.19,1.15,1.21,1.18,1.1,1.12,1.16,1.05,1.12,1.01,1.56,1.68,1.39,1.38,1.36,1.23,1.19,0.83,0.7,0.76,0.79,0.79,0.84,0.82,0.85,0.9,1.02,0.84,0.84,0.85,0.9,0.84,0.98,0.99,1.01,1.02,1.06,1.06,1.15,1.01,0.99,0.98,0.98,0.94,0.99,1.01,1.08,1.05,1.06,1.1,0.94,1.13,1.08,1.03,1.05,0.99,1.02,1.17,0.86,1.04,1.09,1.12,1.14,1.07,1.09,1.06,1.24,1.24,1.2,1.16,0.99,0.97,1.03,0.77,0.75,0.77,0.8,1,1.03,1.06,1.02,0.98,1.03,1.03,1.03,1.07,0.89,0.82,1.19,1.02,1.18,1.16,1.11,1.08,1.06,0.65,1.2,1.09,1.12,1.09,1.29,1.38,1.37,0.94,0.85,0.8,0.68,0.79,0.88,0.96,1.02,1.09,1.21,1.41,1.79,1.68,1.54,1.44,1.22,1.35,1.34,0.85,0.95,0.86,1.2,1.37,1.18,0.96,1.34,1.28,1.21,0.79,0.66,0.54
37,0,0,0,0,0,0,0,0,0,0,0,0,0,0,0,0,0,0,0,0,0,0,0,0,0,0,0,0,0,0,0,0,0,0,0,0,0,0,0,0,0,0,0,0,0,0,4.83097855,2.867690506,2.189091585,2.333280431,2.490227315,1.997729485,1.363578053,1.75828317,2.079408837,2.692171202,2.42406076,2.189685492,2.51,2.53,2.18,2.06,1.73,1.97,2.02,2.26,2.14,1.99,1.79,1.79,1.52,1.47,1.27,1.27,1.2,1.16,1.05,1.05,1.02,0.96,0.91,0.95,0.95,0.96,0.91,0.9,0.92,0.9,0.88,0.88,0.89,0.98,0.98,0.99,1.04,1.02,1,0.97,0.98,0.97,1.03,0.98,0.94,1.04,1.17,1.19,1.17,1.16,1.2,1.21,1.12,1.07,1.01,0.98,0.95,0.91,0.8,0.84,0.8,0.87,0.79,0.78,0.7,0.81,0.74,0.72,0.74,0.9,0.93,1.05,1.13,1.25,1.26,1.18,1.21,1.32,1.37,1.52,1.54,1.48,1.36,1.45,1.42,1.42,1.25,1.27,1.49,1.45,1.3,1.28,1.23,1.25,1.16,1.04,1.06,1.03,1.05,1.13,1.16,1.13,1.08,1.14,1.29,1.31,1.25,1.22,1.18,1.16,1.08,1.06,1,1.05,1.05,1.1,1.17,1.17,1.16,1.14,1.08,1.11,1.09,1.03,1.01,0.96,1,1.02,0.95,0.98,1,1.03,1.06,1.04,1.01,1.01,0.98,0.98,0.97,0.91,0.94,0.97,0.98,0.96,0.94,0.94,0.96,0.93,0.95,1.19,1.07,1.02,0.99,0.99,0.97,0.92,0.69,0.82,0.87,0.89,0.86,0.9,0.9,0.94,0.92,0.93,0.92,0.98,0.97,0.99,0.95,0.94,0.91,0.91,0.88,0.86,0.91,0.93,0.94,0.97,1.03,1.05,1.1,1.06,1.06,1.08,1.16,1.14,1.21,1.28,1.23,1.19,1.13,1.08,1.07,1.05,0.96,1,1.01,1.07,1.06,1.08,1.13,1.16,0.97,1.17,1.13,1.11,1.12,1.04,1.03,1.18,0.94,0.95,0.97,0.95,0.96,1.02,0.86,1.1,1.14,1.13,1.15,1.2,1.18,1.34,1.19,1.2,1.19,1.2,1.22,1.22,1.3,1.33,1.29,1.28,1.27,1.27,1.27,1.22,1.17,1.13,1.13,1.14,1.12,1.13,1.17,1.23,1.24,1.2,1.16,1.16
38,0,0,0,0,0,0,0,0,0,0,0,0,0,0,0,0,0,0,0,0,0,0,0,0,0,0,0,0,0,0,0,0,0,0,0,0,0,0,0,0,0,0,0,0,0,0,0,0,4.336251638,3.590746546,3.560054099,3.005791654,3.458026018,3.358928469,2.781770872,2.651121428,2.874041501,3.042965532,3.4,3.37,3.11,3.1,3.05,2.99,3.38,3.22,2.85,2.62,2.39,2.2,2.1,1.98,1.94,1.94,1.85,1.74,1.66,1.57,1.51,1.41,1.3,1.18,1.11,1.04,0.97,0.89,0.9,0.91,0.93,0.91,0.94,0.95,0.98,0.98,0.96,0.95,0.95,0.95,0.96,0.97,0.93,0.94,0.93,0.94,0.91,0.9,0.87,0.91,0.9,0.96,0.94,0.95,0.93,0.93,0.89,0.9,0.82,0.97,0.91,0.89,1.05,1.02,0.97,0.95,0.8,0.9,0.95,0.77,0.78,0.78,0.79,0.86,0.84,0.85,0.82,0.86,0.88,0.91,0.9,0.89,0.9,0.98,0.93,0.8,0.91,0.9,0.89,0.9,0.87,0.9,1.08,1.02,0.89,1.12,1.18,1.17,1.17,1.14,1.12,1.27,1.12,1.15,1.13,1.1,1.07,1.04,1.12,1.15,1.1,1.15,1.16,1.15,1.12,1.08,1.08,1.08,1.06,1.04,1.06,1.1,1.1,1.01,1.03,1.06,1.1,1.08,1.09,1.08,1.1,1.06,1.01,0.97,0.85,0.83,0.77,0.8,0.81,0.82,0.83,1.02,1.06,1.07,1.05,1.07,1.09,1.09,1.08,1.04,0.99,0.97,0.92,0.89,0.88,0.89,0.9,0.93,0.91,0.91,0.89,0.94,0.97,0.99,1.02,1.07,1.13,1.23,1.2,1.18,1.14,1.11,1.03,1.03,0.92,0.94,0.95,1.01,0.97,1.09,1.06,1.11,1.05,1.07,1.02,1,0.94,0.97,0.96,0.97,0.96,1,1.08,1.1,1.13,1.16,1.19,0.98,1.18,1.16,1.13,1.12,1.12,1.13,1.34,1.14,1.14,1.15,1.11,1.11,1.1,1.09,1.08,1.06,1.07,1.07,1.1,1.15,1.14,1.15,1.15,1.22,1.25,1.21,1.19,1.18,1.16,1.16,1.14,1.14,1.15,1.17,1.23,1.24,1.26,1.29,1.32,1.37,1.39,1.36,1.36,1.31,1.28,1.26,1.25,1.23,1.21,1.21,1.17,1.14,1.12,1.12
39,0,0,0,0,0,0,0,0,0,0,0,0,0,0,0,0,0,0,0,0,0,0,0,0,0,0,0,0,0,0,0,0,0,0,0,0,0,0,0,0,0,0,0,0,0,0,0,0,0,0,0,0,0,6.11,4.44,2.47,2.79,3.03,2.84,2.5,2.58,2.23,2.17,1.76,2.16,1.91,1.86,1.82,2.98,2.54,2.12,1.96,1.69,1.63,1.61,1.58,1.83,1.6,2,1.81,1.83,1.79,1.61,1.54,1.47,1.31,1.29,1.2,1.09,1.09,1.19,1.22,1.08,1.16,1.18,1.18,1.1,0.9,0.91,0.97,0.94,0.91,0.87,0.85,0.9,0.9,0.9,0.88,0.84,0.91,0.94,0.89,0.88,0.82,0.82,0.85,0.86,0.85,0.87,1.02,1.06,1.03,1.02,0.93,0.85,0.86,0.7,0.68,0.71,0.73,0.77,0.88,0.89,0.88,0.87,0.87,0.69,0.59,0.81,0.77,0.75,0.79,0.79,0.82,0.86,0.79,0.87,0.87,0.8,0.79,0.83,0.86,0.84,0.87,0.96,0.92,0.82,0.84,0.87,0.85,0.8,0.73,0.94,1.07,1.07,1.07,0.72,1.11,1.15,0.97,1.03,1.02,1.02,1.57,1,1.25,1.3,1.27,1.2,1.15,0.96,1.13,0.95,0.97,0.96,0.97,0.98,1.39,1.63,1.49,1.46,1.34,1.24,1.17,1.03,0.91,0.94,0.92,1.01,1.02,1.02,0.97,0.94,0.93,0.91,0.91,0.93,0.94,1.02,1.03,1.07,1,1.05,1.05,1.04,1.09,1,0.96,1.05,0.97,0.97,0.97,0.96,0.94,0.94,0.84,0.87,0.9,0.92,0.49,1.05,1.12,1.18,1.2,1.16,1.12,1.46,1.03,1.02,1.04,1.04,1.03,1.03,1.14,1.11,1.12,1.1,0.91,0.9,0.92,0.84,0.88,1,1.06,1.29,1.25,1.19,1.27,1.27,1.19,1.25,1.29,1.23,1.17,0.81,1.25,1.26,1.21,1.16,1.12,1.09,1.56,1.21,1.31,1.37,1.45,1.34,1.25,1.3,1.29,1.22,1.12,1.1,1.07,1.05,1.17,1.14,1.14,1.2,1.18,1.14,1.1,1.19,1.27,1.33,1.35,1.3,1.22,1.16,1.28,1.19,1.21,1.18,1.19,1.14,1.11,1.11,1.12,1.02,0.84
40,0,0,0,0,0,0,0,0,0,0,0,0,0,0,0,0,0,0,0,0,0,0,0,0,0,0,0,0,0,0,0,0,0,0,0,0,0,0,0,0,0,0,0,0,0,0,0,0,0,0,2.650856573,2.053671039,1.406394471,2.67758007,2.654540226,3.025145032,3.063877999,3.170963405,3.89,3.95,2.83,3.25,2.74,2.53,2.04,1.84,1.85,1.9,1.78,1.82,1.87,2.05,1.86,1.71,1.52,1.39,1.31,1.15,1.08,1.16,1.07,1.03,0.96,0.91,0.89,0.94,0.85,0.89,0.93,0.89,0.96,1.02,0.92,0.92,0.96,1.07,1.13,1.07,1.04,1.08,1.08,1.1,1,0.99,0.96,0.92,0.92,0.99,0.94,0.93,0.95,1.01,1.02,0.98,0.97,1.06,1.09,1.06,1.03,1.03,1.07,1.09,1.08,1.1,1.04,1.13,1.19,1.12,1.15,1.13,1.29,1.39,1.33,1.26,1.3,1.29,1.33,1.21,1.25,1.27,1.33,1.4,1.42,1.43,1.48,1.39,1.33,1.25,1.26,1.28,1.3,1.25,1.27,1.26,1.33,1.29,1.25,1.26,1.27,1.25,1.3,1.27,1.28,1.27,1.24,1.19,1.16,1.04,1.02,1.01,1,1.04,1.08,1.06,1.16,1.17,1.14,1.12,1.04,1.05,1.04,1,0.98,0.96,0.97,0.96,0.88,0.87,0.88,0.9,0.94,0.91,0.94,0.95,0.96,0.93,0.9,0.87,0.89,0.88,0.88,0.85,0.85,0.83,0.81,0.78,0.79,0.78,0.78,0.78,0.8,0.84,0.89,0.9,0.93,0.97,1.02,1,0.93,0.99,1.06,1.13,1.13,1.09,1.07,1.17,1.19,1.1,1,0.99,0.9,0.86,0.75,0.91,0.94,1.16,1.18,1.23,1.25,1.33,1.04,1,0.8,0.75,1.05,1.12,1.06,1.09,1.14,1.14,1.13,0.9,0.82,0.75,0.73,0.82,0.87,0.91,0.87,0.96,1.1,1.11,0.96,0.97,0.98,0.99,1.03,1.07,1.1,1.08,1.06,1.04,1.04,1.02,0.99,0.97,0.95,1.04,1.08,1.1,1.09,1.06,1.04,1.06,1.06,1.06,1.04,1.03,0.98,1.01,1.12,1.05,1.01,1.04,1.08,1.16,1.19,1.16,1.19,1.19,1.15,1.14,1.13,1.14,1.11,1.06,1.05,1.08,1.08,0.9
41,0,0,0,0,0,0,0,0,0,0,0,0,0,0,0,0,0,0,0,0,0,0,0,0,0,0,0,0,0,0,0,0,0,0,0,0,0,0,0,0,0,0,0,0,0,0,0,0,0,0,0,0,0,0,0,0.92761088,0.489887977,0.931839912,0.86,0.89,2.06,2.86,2.45,3.03,2.52,2.66,2.6,2.6,2.17,1.88,1.79,2.11,1.94,1.85,1.65,1.82,1.81,1.97,1.82,1.94,1.99,2.01,2.02,2.51,1.88,1.73,1.53,1.43,1.29,1.09,0.75,0.89,0.86,0.86,0.85,0.83,0.84,0.86,0.82,0.81,0.83,0.79,0.77,0.82,0.83,0.85,0.99,1.37,1.74,1.76,1.66,1.46,1.34,1.15,0.92,0.69,0.59,0.55,0.62,0.71,0.79,0.86,0.97,1.13,1.09,1.09,1.01,1.02,0.95,0.92,0.81,0.87,0.83,0.93,0.96,0.88,0.89,0.99,0.99,1.04,1.01,0.95,1.06,1.06,1.04,1.02,0.98,0.99,0.99,0.93,0.88,0.91,0.93,0.92,0.89,0.91,0.95,1.02,0.99,1,1.06,1.04,1.05,1.11,0.99,0.94,0.96,0.99,1.04,1.1,1.04,1.03,1.05,1,0.97,0.97,0.85,0.94,1.01,1.01,1.04,1.11,1.04,1.08,0.98,1.05,1.15,1.16,1.07,1.24,1.16,1.17,1.12,1.09,1.09,1.09,0.97,1.07,1.1,1.09,1.14,1.1,1.06,1.07,1.01,1.05,1.03,1.06,1.1,1.13,1.14,1.18,1.24,1.41,1.31,1.31,1.23,1.11,1.6,1.64,1.63,1.66,1.51,1.47,1.45,1.18,1.07,0.98,0.89,0.9,0.85,0.82,0.81,0.85,0.9,0.91,0.92,0.99,1.08,1.16,1.2,1.2,1.18,1.15,1.18,1.22,1.21,1.19,1.25,1.27,1.22,1.14,1.08,1.16,1.11,1.04,1.03,1.02,1.02,1.24,1.14,1.23,1.27,1.27,1.27,1.24,1.14,1.17,1.14,1.12,1.1,1.12,1.15,1.05,1.07,1.14,1.14,1.2,1.15,1.19,1.27,1.23,1.23,1.26,1.25,1.19,1.14,1.06,1.08,1.06,1.03,1.03,1.07,1.06,1.1,1.17,1.15,1.18,1.12,1.08,1.06,1.05,0.94,0.91,0.84,0.83,0.84,0.87,0.88,0.78
42,0,0,0,0,0,0,0,0,0,0,0,0,0,0,0,0,0,0,0,0,0,0,0,0,0,0,0,0,0,0,0,0,0,0,0,0,0,0,0,0,0,0,0,0,0,0,0,0,0,0,6.092301458,5.029826185,2.978692451,3.140002986,3.11633498,2.937656414,2.898828175,3.332430417,3.58,4.25,3.83,3.07,2.31,2.07,1.99,2.03,1.75,1.54,1.62,1.88,1.52,1.73,1.38,1.28,1.46,1.27,1.15,1.23,0.99,1.08,0.95,0.9,0.98,0.93,0.82,0.93,0.86,1.14,0.89,0.98,0.95,1.06,1.23,1.43,1.18,1.53,1.33,1.22,1.1,1.02,1.29,1.5,1.31,1.24,1.17,1.18,1.03,0.77,0.65,0.58,0.71,0.94,0.98,1.03,1,1,0.96,0.99,0.92,0.88,0.94,1.03,1.06,1.15,1.06,1.04,1.1,1.07,1.04,1.06,1.08,1.1,1.25,1.24,1.16,1.11,1.1,1.04,1.03,0.96,0.92,0.98,1.05,1,1.17,1.2,1.17,1.13,1.15,1.28,1.23,1.11,1.01,1.02,1.15,1.16,1.17,1.2,1.02,1.33,1.37,1.44,1.46,1.4,1.39,1.45,1.17,1.12,1.16,1.13,1.11,1.09,1.03,1.27,1.25,1.17,1.2,1.18,1.22,1.23,1.06,1.08,1.07,1.06,1.04,0.97,1.06,1.12,1.12,1.05,1,1.06,1.08,0.96,0.86,0.83,0.85,0.89,0.87,0.87,0.94,0.97,0.92,0.92,0.93,0.9,0.88,0.89,0.9,0.92,0.98,0.93,0.91,0.93,0.93,0.91,0.91,0.92,0.98,0.98,1.01,0.91,1.03,1.1,1.04,1.02,0.95,0.99,1.08,0.99,0.91,0.86,0.87,0.95,0.9,0.82,1.01,1.06,1.17,1.08,1.13,1.1,1.19,1,0.96,0.94,0.92,0.89,0.96,0.98,0.97,0.99,0.99,1.04,0.94,0.92,0.88,1.09,1.18,1.21,1.24,1.24,1.23,1.21,1.2,1.11,1.05,1.05,0.97,1.05,1.08,1.1,1.11,1.13,1.08,1.27,1.22,1.22,1.1,1.09,1.08,1.1,1.02,0.93,0.78,0.85,0.88,0.97,0.94,0.87,1.14,1.33,1.45,1.36,1.26,1.26,1.31,1.22,1.25,1.28,1.2,1.18,1.12,1.08,1.05,0.99,0.86,0.85,0.79,0.88
43,0,0,0,0,0,0,0,0,0,0,0,0,0,0,0,0,0,0,0,0,0,0,0,0,0,0,0,0,0,0,0,0,0,0,0,0,0,0,0,0,0,0,0,0,0,0,0,4.7965836,3.7563148,3.829708255,2.405697506,2.685127851,2.585341518,2.387067135,1.863448856,1.738100533,1.832424849,3.192735295,7.7,5.72,3.1,2.07,2.37,2.67,2.96,2.39,2.16,2.33,2.21,1.94,1.92,1.78,1.69,1.67,1.56,1.44,1.49,1.47,1.39,1.47,1.38,1.32,1.23,1.11,1.04,1.03,0.94,0.94,0.91,0.94,0.96,0.97,0.96,0.96,0.98,1.02,1.05,1.06,1.05,1.07,1.11,1.15,1.14,1.13,1.13,1.12,1.09,1.08,1.05,1.04,1.06,1.07,1.1,1.14,1.13,1.18,1.11,1.07,1.06,1.05,0.98,0.96,0.87,0.89,0.88,0.82,0.84,0.99,1.02,1.06,1.2,1.17,1.27,1.26,1.18,1.18,1.2,1.1,1.07,1.05,1.11,1.11,1.13,1.14,1.15,1.17,1.34,1.33,1.38,1.39,1.43,1.45,1.45,1.41,1.41,1.42,1.41,1.35,1.31,1.26,1.24,1.26,1.25,1.24,1.25,1.14,1.12,1.16,1.17,1.18,1.18,1.18,1.24,1.19,1.16,1.07,1.05,1.12,1.1,1.06,1.07,1.04,1.06,1.04,0.94,0.88,0.87,0.84,0.85,0.86,0.88,0.9,0.99,0.9,1.04,1.07,1.05,1.02,0.98,0.93,1.03,0.9,0.92,0.89,0.89,0.91,0.95,1,1.07,1.02,1.02,0.99,0.95,0.9,0.87,0.79,0.79,0.79,0.83,0.84,0.85,0.87,0.89,0.86,0.85,0.82,0.89,0.91,0.91,0.91,0.82,0.83,0.88,0.83,0.85,0.83,0.94,1.13,1.21,1.18,1.13,1.08,1.08,1.28,1.68,1.46,1.33,1.14,1.23,1.17,0.98,0.64,0.72,0.74,0.88,0.85,0.91,0.92,0.94,0.9,0.94,0.97,0.89,0.89,0.88,0.94,0.98,1.01,1.08,1.09,1.1,1.16,1.12,1.11,1.13,1.13,1.15,1.15,1.12,1.15,1.13,1.11,1.09,1.08,1.06,1.04,1.03,1.12,1.15,1.14,1.13,1.13,1.15,1.2,1.19,1.14,1.17,1.16,1.14,1.11,1.09,1.03,1.08,1.08,1.12,1.13,1.1,1.11,1.19,1.16
44,0,0,0,0,0,0,0,0,0,0,0,0,0,0,0,0,0,0,0,0,0,0,0,0,0,0,0,0,0,0,0,0,0,0,0,0,0,0,0,0,0,0,0,0,0,0,0,0,0,0,0,0,0,6.532148746,5.708286345,3.247604443,2.979349827,3.820127149,4.11,3.49,3.02,3.77,2.91,2.4,2.05,1.84,1.99,2.29,1.62,1.66,1.55,1.59,1.47,1.44,1.28,1.33,1.2,1.18,1.13,1.04,0.93,0.88,0.82,0.81,0.94,0.93,0.95,1.02,1.12,1.18,1.22,1.16,1.19,1.17,1.16,1.19,1.13,1.1,1.09,1.03,1.03,1.01,1.02,1.07,1.07,0.94,0.99,1.16,1.18,0.97,0.89,0.93,1,0.97,0.91,0.88,0.96,1.05,1.03,1.11,1.11,1.11,1.08,1.09,1.01,0.94,0.9,1.04,1.13,1.21,1.25,1.26,1.35,1.44,1.32,1.19,1.4,1.28,1.28,1.23,1.15,1.15,1.18,1.01,1.03,1.05,1.05,1.07,1.17,1.26,1.28,1.28,1.19,1.21,1.21,1.15,1.12,1.07,1.06,1.19,1.15,1.15,1.09,1.06,1.02,1.02,0.94,1,1.03,1.04,1.1,1.14,1.13,1.11,1.04,0.95,1.03,1,1,1.02,0.98,1,1.04,0.97,0.96,0.91,0.87,0.89,0.88,0.9,0.84,0.8,0.88,0.9,0.91,0.92,0.93,1,0.98,0.82,0.91,0.9,0.92,0.86,0.86,0.88,1.01,0.91,0.9,0.88,0.96,1,0.95,0.96,0.97,1.01,1.08,1.02,0.94,1.02,1.07,1.08,1.05,1,1.03,1.09,1.09,1.04,1.02,1.05,1.02,0.98,1,1.01,1.12,1.18,1.2,1.3,1.37,1.39,1.36,1.37,1.34,1.15,1.07,1.19,1.11,1.19,1.15,1.16,1.26,1.22,1.08,1.11,1.04,1.03,1.07,1.1,1.09,1.08,1.13,1.15,1.15,1.1,1.05,1.07,1.07,1.06,1.06,1.05,1.02,1.04,1.04,1.06,1.05,1.1,1.11,1.16,1.14,1.11,1.11,1.11,1.12,1.11,1.09,1.07,1.1,1.13,1.19,1.21,1.27,1.26,1.27,1.27,1.22,1.24,1.13,1.23,1.2,1.14,1.14,1.14,1.11,1.2,1.08,1.07,1.07,1.03,0.96,0.95
45,0,0,0,0,0,0,0,0,0,0,0,0,0,0,0,0,0,0,0,0,0,0,0,0,0,0,0,0,0,0,0,0,0,0,0,0,0,0,0,0,0,0,0,0,0,0,0,0,0,0,0,0,0,0,0,0,3.174919954,2.931783645,4.2,5.03,3.37,3.17,2.94,2.87,2.75,2.34,1.92,1.81,1.54,1.49,1.35,1.14,1.23,1.44,1.5,1.43,1.3,1.22,1.18,1.13,0.95,0.8,0.78,0.69,0.64,0.63,0.49,0.49,0.51,0.46,0.52,0.56,0.56,0.52,0.48,0.53,0.6,0.75,0.73,0.81,1.09,0.93,0.99,1.02,0.97,1.01,1.1,0.85,0.77,0.69,0.61,0.58,0.63,0.58,0.56,0.51,0.65,0.72,0.94,0.93,1.02,1.14,1.25,0.89,1.19,1.23,1.35,1.17,1.09,1.06,1.13,0.94,0.94,0.86,2.32,2.16,2.33,2.32,2.11,1.81,1.67,1.19,1.19,0.99,0.78,0.66,0.6,0.51,0.42,0.46,0.46,0.75,0.92,0.94,1.5,1.5,1.33,1.21,0.93,0.96,0.94,0.57,0.81,0.97,0.95,1.24,1.08,1.13,1.11,1.06,1.04,1.03,1.02,1.13,1.14,1.35,1.11,1.02,1.08,1.05,1.13,1.16,0.88,0.95,0.95,1.09,0.94,0.79,0.76,0.81,0.64,0.66,0.61,0.69,0.69,0.81,1,1.29,1.14,1.24,1.13,1.1,1.39,1.18,1.05,1.39,1.25,1.26,1.48,1.11,1.1,1.04,0.78,0.87,0.86,0.82,0.91,0.99,1.11,1.09,1.41,1.44,1.25,1.16,1.03,0.87,1.01,0.63,0.52,0.53,0.54,0.78,0.8,1.12,1.01,1.18,1.59,1.41,1.15,1.14,0.7,0.79,0.78,0.52,0.55,0.62,0.91,1.19,1.05,0.97,0.87,1.03,1.23,0.88,1.05,1.42,1.5,2.32,2.02,1.67,1.67,1.4,1.28,1.38,0.84,0.9,1.07,0.92,1.01,0.98,0.88,1.17,1.02,0.99,1.2,1.4,1.56,1.68,1.41,1.57,1.36,1.41,1.09,0.85,0.79,1.04,1.2,1.13,1.1,1.24,1.34,1.42,1.23,1.15,1.51,1.85,1.98,2.04,1.73,1.77,1.68,1.45,1.37,1.37,1.26,1.24,1.13,0.99,1.01,0.9
46,0,0,0,0,0,0,0,0,0,0,0,0,0,0,0,0,0,0,0,0,0,0,0,0,0,0,0,0,0,0,0,0,0,0,0,0,0,0,0,0,0,0,0,0,0,0,0,0,0,7.835557072,7.724978872,4.064251978,2.510413614,3.152554438,3.009217345,2.210487586,2.284476065,1.993781197,1.68,2.09,2.97,2.6,2.89,2.54,2.63,2.07,2.01,2.21,1.76,2.24,2.16,2.02,1.7,1.73,1.71,1.87,1.53,1.46,1.43,1.31,1.31,1.32,1.23,1.17,1.12,1.14,1.32,1.06,1.12,1.17,1.03,1.32,1.28,1.28,1.21,1.22,1.21,1.31,1.14,1.19,0.99,1.14,1.25,1.04,1.04,0.86,1.07,1.07,1.06,1.07,1.2,1.2,1.35,1.08,1.2,1.14,0.93,0.96,0.94,0.97,0.97,0.95,0.92,1.05,1.15,1.16,1.11,1.13,1.15,1.19,1.06,0.93,0.89,0.88,0.83,0.83,0.9,0.89,0.86,0.84,0.79,0.8,0.8,0.71,0.71,0.75,0.79,0.83,0.87,0.9,0.9,0.95,0.99,1.01,1.01,1.03,1.03,1.01,1,1.02,0.88,0.88,0.87,0.89,1.16,1.13,1.12,1.27,1.28,1.32,1.3,1.12,1.21,1.2,1.25,1.25,1.21,1.17,1.16,1.11,1.12,1.08,1.05,1.05,1.09,1.06,1.12,1.09,1.07,1.06,1.03,0.97,0.97,0.95,0.99,0.97,0.96,1.11,1.16,1.12,1.01,0.97,0.97,1.01,0.91,0.86,0.89,0.92,0.92,0.93,0.91,0.89,0.95,0.83,0.97,1.02,1.03,1.07,1.07,1.06,1.19,1.05,1.03,1.04,1.03,1.04,0.99,1.02,0.99,0.97,0.96,0.99,0.99,1.04,0.99,1.01,1.02,1.01,0.99,1.01,0.96,0.96,0.95,0.95,0.92,0.9,0.87,0.89,0.9,0.89,0.92,0.97,0.9,0.92,0.96,1.03,1.08,1.02,0.96,1.21,1.22,1.2,1.11,1.1,1.17,1.19,1.07,1.05,1.02,1.02,0.99,0.95,0.98,0.99,0.99,0.99,1.01,1.04,1.06,1.1,1.1,1.11,1.15,1.15,1.13,1.12,1.07,1.04,1.04,1.09,1.09,1.1,1.1,1.12,1.12,1.06,0.98,0.96,1.1,1.16,1.18,1.19,1.26,1.28,1.3,1.27,1.24,1.22,1.21,1.1
47,0,0,0,0,0,0,0,0,0,0,0,0,0,0,0,0,0,0,0,0,0,0,0,0,0,0,0,0,0,0,0,0,0,0,0,0,0,0,0,0,8.043466743,5.855778626,4.711719102,5.2074742,3.641911801,2.905127355,2.781866957,2.439888116,3.173961414,3.267965937,2.791415545,2.620503044,2.236780456,1.889173081,1.68567703,1.602885744,1.762385738,1.742070585,1.59,1.7,1.69,1.68,1.58,1.27,1.54,1.72,1.75,1.53,1.46,1.21,1.27,1.1,1.39,1.33,1.17,1.1,1.55,1.46,1.37,0.99,0.88,0.94,0.89,0.57,0.5,0.51,0.57,0.65,0.62,0.76,0.84,0.95,0.91,0.89,0.9,1.04,0.97,0.95,0.96,0.97,1.03,1.05,1.03,1.09,1.06,1.1,1.12,1.01,0.95,0.97,0.95,1,0.93,0.9,0.93,0.98,0.94,0.92,0.93,0.93,0.87,0.87,0.88,0.97,1.03,0.97,1.02,1.17,1.26,1.18,1.2,1.18,1.18,1.2,1.09,1.04,1.1,1.06,1.06,1.12,1.08,1,1.06,1.02,1.01,1.01,1.04,1.01,1.14,1.13,1.22,1.25,1.14,1.15,1.21,1.2,1.18,1.11,1.04,1.13,1.13,1.14,1.18,1.18,1.12,1.17,1.3,1.21,1.13,1.07,1.05,0.93,1.11,1.11,1.11,1.14,1.25,1.23,1.36,1.19,1.07,1.09,1.06,0.96,0.97,0.98,0.97,0.95,0.97,1,1.01,0.87,1,0.99,0.96,0.93,0.92,0.94,1.08,0.93,0.92,0.93,0.92,0.9,0.88,0.93,0.91,0.93,0.88,0.9,0.9,0.93,0.85,0.89,0.87,0.92,0.89,0.91,0.89,0.97,0.92,0.93,0.94,0.94,0.95,0.94,0.92,0.9,0.91,0.93,0.84,0.87,0.89,0.94,0.94,0.94,0.95,1.08,1.04,1,0.95,1,1,1,1.01,1.06,1.11,1.3,1.26,1.22,1.19,1.16,1.11,1.1,0.99,0.98,0.99,1,1,1.01,1.05,1.03,0.98,1.08,0.97,1.1,1.15,1.11,1.1,1.15,1.05,1.14,1.02,1,0.99,1.02,1.05,1.07,1.08,1.08,1.06,1.08,1.11,1.09,1.1,1.17,1.16,1.27,1.26,1.32,1.38,1.37,1.31,1.33,1.07,1.3,1.3,1.28,1.31,1.27,1.3,1.35,1.15,1.1,1.03,0.84,1.21,1.27,1.33,1.12
48,0,0,0,0,0,0,0,0,0,0,0,0,0,0,0,0,0,0,0,0,0,0,0,0,0,0,0,0,0,0,0,0,0,0,0,0,0,0,0,0,0,0,0,0,0,0,0,0,0,0,0,0,0,0,0,0,0,0,0,6.14,4.65,3.7,4.68,4.06,3.91,3.35,2.75,2.2,2.05,1.66,1.64,1.47,1.33,1.48,1.61,1.48,1.67,1.34,1.7,1.7,1.39,1.17,1.08,1.05,1.12,0.78,0.72,0.88,0.99,1.1,0.88,0.98,0.98,0.96,0.82,0.79,0.76,0.82,0.69,0.72,0.75,0.9,0.84,0.9,0.92,1.07,1.11,1.1,1.02,1.03,0.89,0.84,0.81,0.9,0.84,0.85,0.92,0.98,1.02,1.23,1.25,1.83,1.7,1.61,1.45,1.59,1.41,1.29,0.97,0.92,0.84,0.88,0.74,0.68,0.67,0.63,0.68,0.67,0.72,0.71,0.72,0.76,0.91,1.01,1.09,1.19,1.18,1.29,1.36,1.4,1.35,1.41,1.3,1.23,1.17,1.22,1.12,1.17,1.15,1.16,1.17,1.28,1.26,1.32,1.34,1.5,1.58,1.52,1.67,1.6,1.59,1.57,1.37,1.2,1.17,1.06,1.01,0.96,0.93,0.96,1.01,0.97,1.11,1.09,1.1,1.06,1.07,1.05,1.11,0.97,0.97,1.05,1.01,0.99,1.01,0.97,0.92,0.95,0.89,0.95,0.98,0.92,0.98,1.02,1.05,1.01,1.07,1.03,1.03,1,0.92,0.97,0.93,0.87,0.86,0.85,0.85,0.97,0.88,1.04,1.08,1.15,1.27,1.45,1.35,1.39,1.3,1.33,1.23,1.18,0.99,0.98,0.98,0.95,1.04,1.08,1.04,1.09,1.13,1.13,1.18,1.03,1.01,1,1.03,0.96,0.93,0.94,0.96,0.98,1.02,1,1.03,1,1.03,0.99,0.97,0.93,0.95,1,1.01,1.09,1.12,1.14,1.14,1.17,1.18,1.19,1.23,1.19,1.18,1.18,1.11,1.05,1.06,0.96,1.01,0.96,1.02,1.16,1.22,1.22,1.27,1.28,1.32,1.26,1.15,1.11,1.14,1.12,1.1,1.21,1.19,1.2,1.31,1.29,1.28,1.39,1.32,1.33,1.33,1.26,1.28,1.28,1.2,1.15,1.08,1.07,1.05,1.04
49,0,0,0,0,0,0,0,0,0,0,0,0,0,0,0,0,0,0,0,0,0,0,0,0,0,0,0,0,0,0,0,0,0,0,0,0,0,0,0,0,0,0,0,0,0,0,0,0,0,0,0,0,5.552744229,5.142588596,6.373012176,6.174081306,4.288415779,3.923769972,3.62,3.37,3.28,2.46,1.91,2.03,1.99,1.95,1.85,1.36,1.61,1.63,1.58,1.51,1.43,1.37,1.45,1.28,1.2,1.12,1.04,1.02,0.97,0.94,0.87,0.88,0.89,0.93,0.94,0.95,0.99,1.07,1.06,1.1,1.14,1.24,1.36,1.36,1.29,1.28,1.21,1.24,1.29,1.24,1.23,1.23,1.24,1.24,1.18,1.09,1.06,1.03,0.98,0.92,0.91,0.95,0.98,1.06,1.09,1.05,1.04,1.15,1.16,1.17,1.13,1.11,1.15,1.15,1.14,1.13,1.18,1.16,1.05,0.97,0.99,0.96,0.95,0.84,0.79,0.85,0.9,0.89,0.84,0.8,1.82,1.75,1.55,1.38,1.28,1.19,1.17,0.52,0.56,0.62,0.69,0.74,0.86,0.92,1.04,1.1,1.15,1.16,1.24,1.24,1.2,1.17,1.19,1.17,1.17,1.11,1.1,1.13,1.17,1.19,1.21,1.17,1.22,1.22,1.2,1.16,1.13,1.1,1.12,1.12,1.08,1.08,1.09,1.06,1.06,1.03,0.96,0.99,0.99,0.96,0.99,0.99,0.96,0.96,0.97,0.94,0.98,1,0.95,0.98,0.98,0.92,0.94,0.96,0.91,0.94,0.94,0.95,0.99,0.96,0.93,0.96,0.93,0.93,0.94,0.97,1.01,1.01,0.99,1.01,0.98,1.05,1.01,0.97,1.1,1.12,1.16,1.19,1.1,1.13,1.25,1.19,1.21,1.28,1.26,1.29,1.31,1.3,1.37,1.4,1.32,1.28,1.23,1.2,1.18,1.14,1.14,1.15,1.15,1.17,1.17,1.17,1.14,1.12,1.07,1.05,1.01,1,1.02,1.03,1.02,1.06,1.07,1.14,1.16,1.17,1.19,1,0.84,1.14,1.21,1.23,1.17,1.15,1.32,1.42,1.15,1.11,1.07,1.1,1.1,1.12,1.09,1.08,1.08,1.13,1.15,1.15,1.17,1.16,1.15,1.15,1.15,1.17,1.18,1.1,1.11,1.09,1.07,1.07,1.04,1,1.02,0.97,0.95,0.94,0.89,0.87
50,0,0,0,0,0,0,0,0,0,0,0,0,0,0,0,0,0,0,0,0,0,0,0,0,0,0,0,0,0,0,0,0,0,0,0,0,0,0,0,0,0,0,0,0,0,0,0,0,0,0,0,0,0,0,0,6.974304675,5.591770582,3.23491026,2.72,2.15,1.63,1.54,1.16,1.6,1.94,2.3,2.22,1.86,1.73,1.95,1.71,1.52,1.34,1.36,1.39,1.33,1.08,0.96,0.92,0.9,0.78,0.77,1.85,2.91,2.17,1.68,1.43,1.31,1.2,0.69,0.22,0.28,0.32,0.45,0.59,0.74,0.97,1.03,1.06,1.14,0.99,0.92,0.89,0.83,0.76,1.02,0.91,0.94,0.91,0.95,0.93,0.92,0.76,0.9,1.02,1.25,1.28,1.28,1.26,1.18,1.13,0.96,0.79,0.95,0.9,0.87,0.89,0.93,1.12,1.08,0.81,0.85,0.81,0.75,0.65,0.65,0.69,0.8,0.95,1.14,1.27,1.63,1.6,1.69,1.53,1.43,1.32,1.38,1.29,1.31,1.09,1.12,1.2,1.27,1.23,1.27,1.3,1.33,1.3,1.22,1.23,1.17,1.08,1.01,1,1.02,1.05,1.04,1.04,1.02,0.94,1.06,1.04,1.03,1.08,1.08,1.1,1.2,1.12,1.07,1.12,1.11,1.15,1.19,1.2,1.16,1.15,1.07,1.1,1.05,1.03,0.97,0.97,1.01,1,0.9,0.91,0.85,0.89,0.81,0.83,0.72,0.74,0.68,0.72,0.87,1.06,1.17,1.36,1.29,1.44,1.35,1.23,1.08,0.97,0.9,0.91,0.87,0.89,0.86,0.89,0.91,0.93,0.92,0.91,0.89,0.95,0.95,0.92,0.83,1.07,1.09,1.17,1.2,1.22,1.26,1.38,1.2,1.41,1.44,1.41,1.3,1.32,1.3,1.28,1.26,1.29,1.26,1.21,1.29,1.3,1.22,1.12,1.08,1.08,1.21,1.13,1.1,1.16,1.13,1.17,1.26,1.17,1.14,1.17,1.15,1.19,1.16,1.16,1.15,1.15,1.19,1.19,1.23,1.22,1.26,1.27,1.22,1.25,1.25,1.2,1.19,1.19,1.15,1.19,1.16,1.17,1.16,1.12,1.27,1.19,1.23,1.27,1.44,1.26,1.37,1.25,1.26,1.17,1.12,1.1,1.22,1.13,1.11,1.04,1.05,1.14,0.99,0.97,0.82
